==27076== [[1;32mINFO[0m] Loading OMPT Plugin from /home/pereirar/repos/valgrind/taskgrind/runtimes-tools/ompt/build/libtaskgrind_omp.so
==27076== [[1;32mINFO[0m] Replacing malloc
==27076== Taskgrind, a debugger for dependent tasks order of execution
==27076== Copyright (C) 2023, and GNU GPL'd, by Romain Pereira et al.
==27076== Using Valgrind-3.24.0.GIT and LibVEX; rerun with -h for copyright info
==27076== Command: ./results/exec/DRB177-fib-taskdep-yes.c.taskgrind.out
==27076== 
==27076== [[1;32mINFO[0m] Export to dot files disabled
==27076== [[1;32mINFO[0m] You can modify the lists in the file `main.c`
==27076== [[1;32mINFO[0m] Only instrumenting accesses in functions matching the instrumentlist:
==27076== [[1;32mINFO[0m]    `omp_task_entry`
==27076== [[1;32mINFO[0m] Not instrumenting accesses in functions matching the ignorelist:
==27076== [[1;32mINFO[0m]    `on_ompt`
==27076== [[1;32mINFO[0m]    `__kmp`
==27076== [[1;32mINFO[0m]    `outlined_debug`
[OMPT] [INFO] Taskgrind: OpenMP 201611 and runtime LLVM OMP version: 5.0.20140926
fib(10) = 55
==27076== 
==27076== [[1;32mINFO[0m] Starting analysis on a 709 segments graph...
==27076== [[1;32mINFO[0m] Running E1 pass
==27076== [[1;32mINFO[0m] 250986 comparison to perform
==27076== [[1;31mERROR[0m] Segments micro-benchmarks/DRB177-fib-taskdep-yes.c:24 and micro-benchmarks/DRB177-fib-taskdep-yes.c:28 were declared independent while accessing the same memory address
==27076== [[1;31mERROR[0m]     4 bytes from 0x1FFEFFDBC4 (stack access)
==27076== [[1;31mERROR[0m] Segments micro-benchmarks/DRB177-fib-taskdep-yes.c:25 and micro-benchmarks/DRB177-fib-taskdep-yes.c:28 were declared independent while accessing the same memory address
==27076== [[1;31mERROR[0m]     4 bytes from 0x1FFEFFDE74 (stack access)
==27076== [[1;31mERROR[0m] Segments micro-benchmarks/DRB177-fib-taskdep-yes.c:25 and micro-benchmarks/DRB177-fib-taskdep-yes.c:24 were declared independent while accessing the same memory address
==27076== [[1;31mERROR[0m]     4 bytes from 0x1FFEFFDE74 (stack access)
==27076== [[1;31mERROR[0m] Segments micro-benchmarks/DRB177-fib-taskdep-yes.c:25 and micro-benchmarks/DRB177-fib-taskdep-yes.c:28 were declared independent while accessing the same memory address
==27076== [[1;31mERROR[0m]     4 bytes from 0x1FFEFFDE74 (stack access)
==27076== [[1;31mERROR[0m] Segments micro-benchmarks/DRB177-fib-taskdep-yes.c:25 and micro-benchmarks/DRB177-fib-taskdep-yes.c:24 were declared independent while accessing the same memory address
==27076== [[1;31mERROR[0m]     4 bytes from 0x1FFEFFDE74 (stack access)
==27076== [[1;31mERROR[0m] Segments micro-benchmarks/DRB177-fib-taskdep-yes.c:25 and micro-benchmarks/DRB177-fib-taskdep-yes.c:28 were declared independent while accessing the same memory address
==27076== [[1;31mERROR[0m]     4 bytes from 0x1FFEFFDE74 (stack access)
==27076== [[1;31mERROR[0m] Segments micro-benchmarks/DRB177-fib-taskdep-yes.c:25 and micro-benchmarks/DRB177-fib-taskdep-yes.c:24 were declared independent while accessing the same memory address
==27076== [[1;31mERROR[0m]     4 bytes from 0x1FFEFFDE74 (stack access)
==27076== [[1;31mERROR[0m] Segments micro-benchmarks/DRB177-fib-taskdep-yes.c:25 and micro-benchmarks/DRB177-fib-taskdep-yes.c:28 were declared independent while accessing the same memory address
==27076== [[1;31mERROR[0m]     4 bytes from 0x1FFEFFDE74 (stack access)
==27076== [[1;31mERROR[0m] Segments micro-benchmarks/DRB177-fib-taskdep-yes.c:25 and micro-benchmarks/DRB177-fib-taskdep-yes.c:24 were declared independent while accessing the same memory address
==27076== [[1;31mERROR[0m]     4 bytes from 0x1FFEFFDE74 (stack access)
==27076== [[1;31mERROR[0m] Segments micro-benchmarks/DRB177-fib-taskdep-yes.c:25 and micro-benchmarks/DRB177-fib-taskdep-yes.c:28 were declared independent while accessing the same memory address
==27076== [[1;31mERROR[0m]     4 bytes from 0x1FFEFFDE74 (stack access)
==27076== [[1;31mERROR[0m] Segments micro-benchmarks/DRB177-fib-taskdep-yes.c:25 and micro-benchmarks/DRB177-fib-taskdep-yes.c:24 were declared independent while accessing the same memory address
==27076== [[1;31mERROR[0m]     4 bytes from 0x1FFEFFDE74 (stack access)
==27076== [[1;31mERROR[0m] Segments micro-benchmarks/DRB177-fib-taskdep-yes.c:25 and micro-benchmarks/DRB177-fib-taskdep-yes.c:28 were declared independent while accessing the same memory address
==27076== [[1;31mERROR[0m]     4 bytes from 0x1FFEFFDE74 (stack access)
==27076== [[1;31mERROR[0m] Segments micro-benchmarks/DRB177-fib-taskdep-yes.c:25 and micro-benchmarks/DRB177-fib-taskdep-yes.c:24 were declared independent while accessing the same memory address
==27076== [[1;31mERROR[0m]     4 bytes from 0x1FFEFFDE74 (stack access)
==27076== [[1;31mERROR[0m] Segments micro-benchmarks/DRB177-fib-taskdep-yes.c:25 and micro-benchmarks/DRB177-fib-taskdep-yes.c:28 were declared independent while accessing the same memory address
==27076== [[1;31mERROR[0m]     4 bytes from 0x1FFEFFDE74 (stack access)
==27076== [[1;31mERROR[0m] Segments micro-benchmarks/DRB177-fib-taskdep-yes.c:25 and micro-benchmarks/DRB177-fib-taskdep-yes.c:24 were declared independent while accessing the same memory address
==27076== [[1;31mERROR[0m]     4 bytes from 0x1FFEFFDE74 (stack access)
==27076== [[1;31mERROR[0m] Segments micro-benchmarks/DRB177-fib-taskdep-yes.c:25 and micro-benchmarks/DRB177-fib-taskdep-yes.c:28 were declared independent while accessing the same memory address
==27076== [[1;31mERROR[0m]     4 bytes from 0x1FFEFFDE74 (stack access)
==27076== [[1;31mERROR[0m] Segments micro-benchmarks/DRB177-fib-taskdep-yes.c:26 and micro-benchmarks/DRB177-fib-taskdep-yes.c:26 were declared independent while accessing the same memory address
==27076== [[1;31mERROR[0m] Segments micro-benchmarks/DRB177-fib-taskdep-yes.c:26 and micro-benchmarks/DRB177-fib-taskdep-yes.c:28 were declared independent while accessing the same memory address
==27076== [[1;31mERROR[0m]     4 bytes from 0x1FFEFFDE70 (stack access)
==27076== [[1;31mERROR[0m] Segments micro-benchmarks/DRB177-fib-taskdep-yes.c:26 and micro-benchmarks/DRB177-fib-taskdep-yes.c:26 were declared independent while accessing the same memory address
==27076== [[1;31mERROR[0m] Segments micro-benchmarks/DRB177-fib-taskdep-yes.c:26 and micro-benchmarks/DRB177-fib-taskdep-yes.c:28 were declared independent while accessing the same memory address
==27076== [[1;31mERROR[0m]     4 bytes from 0x1FFEFFDE70 (stack access)
==27076== [[1;31mERROR[0m] Segments micro-benchmarks/DRB177-fib-taskdep-yes.c:26 and micro-benchmarks/DRB177-fib-taskdep-yes.c:26 were declared independent while accessing the same memory address
==27076== [[1;31mERROR[0m] Segments micro-benchmarks/DRB177-fib-taskdep-yes.c:26 and micro-benchmarks/DRB177-fib-taskdep-yes.c:28 were declared independent while accessing the same memory address
==27076== [[1;31mERROR[0m]     4 bytes from 0x1FFEFFDE70 (stack access)
==27076== [[1;31mERROR[0m] Segments micro-benchmarks/DRB177-fib-taskdep-yes.c:26 and micro-benchmarks/DRB177-fib-taskdep-yes.c:26 were declared independent while accessing the same memory address
==27076== [[1;31mERROR[0m] Segments micro-benchmarks/DRB177-fib-taskdep-yes.c:26 and micro-benchmarks/DRB177-fib-taskdep-yes.c:28 were declared independent while accessing the same memory address
==27076== [[1;31mERROR[0m]     4 bytes from 0x1FFEFFDE70 (stack access)
==27076== [[1;31mERROR[0m] Segments micro-benchmarks/DRB177-fib-taskdep-yes.c:26 and micro-benchmarks/DRB177-fib-taskdep-yes.c:26 were declared independent while accessing the same memory address
==27076== [[1;31mERROR[0m] Segments micro-benchmarks/DRB177-fib-taskdep-yes.c:26 and micro-benchmarks/DRB177-fib-taskdep-yes.c:28 were declared independent while accessing the same memory address
==27076== [[1;31mERROR[0m]     4 bytes from 0x1FFEFFDE70 (stack access)
==27076== [[1;31mERROR[0m] Segments micro-benchmarks/DRB177-fib-taskdep-yes.c:26 and micro-benchmarks/DRB177-fib-taskdep-yes.c:26 were declared independent while accessing the same memory address
==27076== [[1;31mERROR[0m] Segments micro-benchmarks/DRB177-fib-taskdep-yes.c:26 and micro-benchmarks/DRB177-fib-taskdep-yes.c:28 were declared independent while accessing the same memory address
==27076== [[1;31mERROR[0m]     4 bytes from 0x1FFEFFDE70 (stack access)
==27076== [[1;31mERROR[0m] Segments micro-benchmarks/DRB177-fib-taskdep-yes.c:26 and micro-benchmarks/DRB177-fib-taskdep-yes.c:26 were declared independent while accessing the same memory address
==27076== [[1;31mERROR[0m] Segments micro-benchmarks/DRB177-fib-taskdep-yes.c:26 and micro-benchmarks/DRB177-fib-taskdep-yes.c:28 were declared independent while accessing the same memory address
==27076== [[1;31mERROR[0m]     4 bytes from 0x1FFEFFDE70 (stack access)
==27076== [[1;31mERROR[0m] Segments micro-benchmarks/DRB177-fib-taskdep-yes.c:28 and micro-benchmarks/DRB177-fib-taskdep-yes.c:24 were declared independent while accessing the same memory address
==27076== [[1;31mERROR[0m]     4 bytes from 0x1FFEFFDE74 (stack access)
==27076== [[1;31mERROR[0m] Segments micro-benchmarks/DRB177-fib-taskdep-yes.c:28 and micro-benchmarks/DRB177-fib-taskdep-yes.c:26 were declared independent while accessing the same memory address
==27076== [[1;31mERROR[0m]     4 bytes from 0x1FFEFFDE70 (stack access)
==27076== [[1;31mERROR[0m] Segments micro-benchmarks/DRB177-fib-taskdep-yes.c:28 and micro-benchmarks/DRB177-fib-taskdep-yes.c:24 were declared independent while accessing the same memory address
==27076== [[1;31mERROR[0m]     4 bytes from 0x1FFEFFDE74 (stack access)
==27076== [[1;31mERROR[0m] Segments micro-benchmarks/DRB177-fib-taskdep-yes.c:28 and micro-benchmarks/DRB177-fib-taskdep-yes.c:26 were declared independent while accessing the same memory address
==27076== [[1;31mERROR[0m]     4 bytes from 0x1FFEFFDE70 (stack access)
==27076== [[1;31mERROR[0m] Segments micro-benchmarks/DRB177-fib-taskdep-yes.c:28 and micro-benchmarks/DRB177-fib-taskdep-yes.c:24 were declared independent while accessing the same memory address
==27076== [[1;31mERROR[0m]     4 bytes from 0x1FFEFFDE74 (stack access)
==27076== [[1;31mERROR[0m] Segments micro-benchmarks/DRB177-fib-taskdep-yes.c:28 and micro-benchmarks/DRB177-fib-taskdep-yes.c:26 were declared independent while accessing the same memory address
==27076== [[1;31mERROR[0m]     4 bytes from 0x1FFEFFDE70 (stack access)
==27076== [[1;31mERROR[0m] Segments micro-benchmarks/DRB177-fib-taskdep-yes.c:28 and micro-benchmarks/DRB177-fib-taskdep-yes.c:24 were declared independent while accessing the same memory address
==27076== [[1;31mERROR[0m]     4 bytes from 0x1FFEFFDE74 (stack access)
==27076== [[1;31mERROR[0m] Segments micro-benchmarks/DRB177-fib-taskdep-yes.c:28 and micro-benchmarks/DRB177-fib-taskdep-yes.c:26 were declared independent while accessing the same memory address
==27076== [[1;31mERROR[0m]     4 bytes from 0x1FFEFFDE70 (stack access)
==27076== [[1;31mERROR[0m] Segments micro-benchmarks/DRB177-fib-taskdep-yes.c:28 and micro-benchmarks/DRB177-fib-taskdep-yes.c:24 were declared independent while accessing the same memory address
==27076== [[1;31mERROR[0m]     4 bytes from 0x1FFEFFDE74 (stack access)
==27076== [[1;31mERROR[0m] Segments micro-benchmarks/DRB177-fib-taskdep-yes.c:28 and micro-benchmarks/DRB177-fib-taskdep-yes.c:26 were declared independent while accessing the same memory address
==27076== [[1;31mERROR[0m]     4 bytes from 0x1FFEFFDE70 (stack access)
==27076== [[1;31mERROR[0m] Segments micro-benchmarks/DRB177-fib-taskdep-yes.c:28 and micro-benchmarks/DRB177-fib-taskdep-yes.c:24 were declared independent while accessing the same memory address
==27076== [[1;31mERROR[0m]     4 bytes from 0x1FFEFFDE74 (stack access)
==27076== [[1;31mERROR[0m] Segments micro-benchmarks/DRB177-fib-taskdep-yes.c:28 and micro-benchmarks/DRB177-fib-taskdep-yes.c:26 were declared independent while accessing the same memory address
==27076== [[1;31mERROR[0m]     4 bytes from 0x1FFEFFDE70 (stack access)
==27076== [[1;31mERROR[0m] Segments micro-benchmarks/DRB177-fib-taskdep-yes.c:28 and micro-benchmarks/DRB177-fib-taskdep-yes.c:24 were declared independent while accessing the same memory address
==27076== [[1;31mERROR[0m]     4 bytes from 0x1FFEFFDE74 (stack access)
==27076== [[1;31mERROR[0m] Segments micro-benchmarks/DRB177-fib-taskdep-yes.c:28 and micro-benchmarks/DRB177-fib-taskdep-yes.c:26 were declared independent while accessing the same memory address
==27076== [[1;31mERROR[0m]     4 bytes from 0x1FFEFFDE70 (stack access)
==27076== [[1;31mERROR[0m] Segments micro-benchmarks/DRB177-fib-taskdep-yes.c:25 and micro-benchmarks/DRB177-fib-taskdep-yes.c:28 were declared independent while accessing the same memory address
==27076== [[1;31mERROR[0m]     4 bytes from 0x1FFEFFE124 (stack access)
==27076== [[1;31mERROR[0m] Segments micro-benchmarks/DRB177-fib-taskdep-yes.c:25 and micro-benchmarks/DRB177-fib-taskdep-yes.c:25 were declared independent while accessing the same memory address
==27076== [[1;31mERROR[0m]     4 bytes from 0x1FFEFFE124 (stack access)
==27076== [[1;31mERROR[0m] Segments micro-benchmarks/DRB177-fib-taskdep-yes.c:25 and micro-benchmarks/DRB177-fib-taskdep-yes.c:28 were declared independent while accessing the same memory address
==27076== [[1;31mERROR[0m]     4 bytes from 0x1FFEFFE124 (stack access)
==27076== [[1;31mERROR[0m] Segments micro-benchmarks/DRB177-fib-taskdep-yes.c:25 and micro-benchmarks/DRB177-fib-taskdep-yes.c:25 were declared independent while accessing the same memory address
==27076== [[1;31mERROR[0m]     4 bytes from 0x1FFEFFE124 (stack access)
==27076== [[1;31mERROR[0m] Segments micro-benchmarks/DRB177-fib-taskdep-yes.c:25 and micro-benchmarks/DRB177-fib-taskdep-yes.c:28 were declared independent while accessing the same memory address
==27076== [[1;31mERROR[0m]     4 bytes from 0x1FFEFFE124 (stack access)
==27076== [[1;31mERROR[0m] Segments micro-benchmarks/DRB177-fib-taskdep-yes.c:25 and micro-benchmarks/DRB177-fib-taskdep-yes.c:24 were declared independent while accessing the same memory address
==27076== [[1;31mERROR[0m]     4 bytes from 0x1FFEFFE124 (stack access)
==27076== [[1;31mERROR[0m] Segments micro-benchmarks/DRB177-fib-taskdep-yes.c:25 and micro-benchmarks/DRB177-fib-taskdep-yes.c:28 were declared independent while accessing the same memory address
==27076== [[1;31mERROR[0m]     4 bytes from 0x1FFEFFE124 (stack access)
==27076== [[1;31mERROR[0m] Segments micro-benchmarks/DRB177-fib-taskdep-yes.c:25 and micro-benchmarks/DRB177-fib-taskdep-yes.c:25 were declared independent while accessing the same memory address
==27076== [[1;31mERROR[0m]     4 bytes from 0x1FFEFFE124 (stack access)
==27076== [[1;31mERROR[0m] Segments micro-benchmarks/DRB177-fib-taskdep-yes.c:25 and micro-benchmarks/DRB177-fib-taskdep-yes.c:28 were declared independent while accessing the same memory address
==27076== [[1;31mERROR[0m]     4 bytes from 0x1FFEFFE124 (stack access)
==27076== [[1;31mERROR[0m] Segments micro-benchmarks/DRB177-fib-taskdep-yes.c:25 and micro-benchmarks/DRB177-fib-taskdep-yes.c:24 were declared independent while accessing the same memory address
==27076== [[1;31mERROR[0m]     4 bytes from 0x1FFEFFE124 (stack access)
==27076== [[1;31mERROR[0m] Segments micro-benchmarks/DRB177-fib-taskdep-yes.c:25 and micro-benchmarks/DRB177-fib-taskdep-yes.c:28 were declared independent while accessing the same memory address
==27076== [[1;31mERROR[0m]     4 bytes from 0x1FFEFFE124 (stack access)
==27076== [[1;31mERROR[0m] Segments micro-benchmarks/DRB177-fib-taskdep-yes.c:25 and micro-benchmarks/DRB177-fib-taskdep-yes.c:24 were declared independent while accessing the same memory address
==27076== [[1;31mERROR[0m]     4 bytes from 0x1FFEFFE124 (stack access)
==27076== [[1;31mERROR[0m] Segments micro-benchmarks/DRB177-fib-taskdep-yes.c:25 and micro-benchmarks/DRB177-fib-taskdep-yes.c:28 were declared independent while accessing the same memory address
==27076== [[1;31mERROR[0m]     4 bytes from 0x1FFEFFE124 (stack access)
==27076== [[1;31mERROR[0m] Segments micro-benchmarks/DRB177-fib-taskdep-yes.c:25 and micro-benchmarks/DRB177-fib-taskdep-yes.c:25 were declared independent while accessing the same memory address
==27076== [[1;31mERROR[0m]     4 bytes from 0x1FFEFFE124 (stack access)
==27076== [[1;31mERROR[0m] Segments micro-benchmarks/DRB177-fib-taskdep-yes.c:25 and micro-benchmarks/DRB177-fib-taskdep-yes.c:28 were declared independent while accessing the same memory address
==27076== [[1;31mERROR[0m]     4 bytes from 0x1FFEFFE124 (stack access)
==27076== [[1;31mERROR[0m] Segments micro-benchmarks/DRB177-fib-taskdep-yes.c:25 and micro-benchmarks/DRB177-fib-taskdep-yes.c:24 were declared independent while accessing the same memory address
==27076== [[1;31mERROR[0m]     4 bytes from 0x1FFEFFE124 (stack access)
==27076== [[1;31mERROR[0m] Segments micro-benchmarks/DRB177-fib-taskdep-yes.c:25 and micro-benchmarks/DRB177-fib-taskdep-yes.c:28 were declared independent while accessing the same memory address
==27076== [[1;31mERROR[0m]     4 bytes from 0x1FFEFFE124 (stack access)
==27076== [[1;31mERROR[0m] Segments micro-benchmarks/DRB177-fib-taskdep-yes.c:25 and micro-benchmarks/DRB177-fib-taskdep-yes.c:24 were declared independent while accessing the same memory address
==27076== [[1;31mERROR[0m]     4 bytes from 0x1FFEFFE124 (stack access)
==27076== [[1;31mERROR[0m] Segments micro-benchmarks/DRB177-fib-taskdep-yes.c:25 and micro-benchmarks/DRB177-fib-taskdep-yes.c:28 were declared independent while accessing the same memory address
==27076== [[1;31mERROR[0m]     4 bytes from 0x1FFEFFE124 (stack access)
==27076== [[1;31mERROR[0m] Segments micro-benchmarks/DRB177-fib-taskdep-yes.c:25 and micro-benchmarks/DRB177-fib-taskdep-yes.c:24 were declared independent while accessing the same memory address
==27076== [[1;31mERROR[0m]     4 bytes from 0x1FFEFFE124 (stack access)
==27076== [[1;31mERROR[0m] Segments micro-benchmarks/DRB177-fib-taskdep-yes.c:25 and micro-benchmarks/DRB177-fib-taskdep-yes.c:28 were declared independent while accessing the same memory address
==27076== [[1;31mERROR[0m]     4 bytes from 0x1FFEFFE124 (stack access)
==27076== [[1;31mERROR[0m] Segments micro-benchmarks/DRB177-fib-taskdep-yes.c:25 and micro-benchmarks/DRB177-fib-taskdep-yes.c:25 were declared independent while accessing the same memory address
==27076== [[1;31mERROR[0m]     4 bytes from 0x1FFEFFE124 (stack access)
==27076== [[1;31mERROR[0m] Segments micro-benchmarks/DRB177-fib-taskdep-yes.c:25 and micro-benchmarks/DRB177-fib-taskdep-yes.c:28 were declared independent while accessing the same memory address
==27076== [[1;31mERROR[0m]     4 bytes from 0x1FFEFFE124 (stack access)
==27076== [[1;31mERROR[0m] Segments micro-benchmarks/DRB177-fib-taskdep-yes.c:25 and micro-benchmarks/DRB177-fib-taskdep-yes.c:24 were declared independent while accessing the same memory address
==27076== [[1;31mERROR[0m]     4 bytes from 0x1FFEFFE124 (stack access)
==27076== [[1;31mERROR[0m] Segments micro-benchmarks/DRB177-fib-taskdep-yes.c:25 and micro-benchmarks/DRB177-fib-taskdep-yes.c:28 were declared independent while accessing the same memory address
==27076== [[1;31mERROR[0m]     4 bytes from 0x1FFEFFE124 (stack access)
==27076== [[1;31mERROR[0m] Segments micro-benchmarks/DRB177-fib-taskdep-yes.c:25 and micro-benchmarks/DRB177-fib-taskdep-yes.c:24 were declared independent while accessing the same memory address
==27076== [[1;31mERROR[0m]     4 bytes from 0x1FFEFFE124 (stack access)
==27076== [[1;31mERROR[0m] Segments micro-benchmarks/DRB177-fib-taskdep-yes.c:25 and micro-benchmarks/DRB177-fib-taskdep-yes.c:28 were declared independent while accessing the same memory address
==27076== [[1;31mERROR[0m]     4 bytes from 0x1FFEFFE124 (stack access)
==27076== [[1;31mERROR[0m] Segments micro-benchmarks/DRB177-fib-taskdep-yes.c:25 and micro-benchmarks/DRB177-fib-taskdep-yes.c:24 were declared independent while accessing the same memory address
==27076== [[1;31mERROR[0m]     4 bytes from 0x1FFEFFE124 (stack access)
==27076== [[1;31mERROR[0m] Segments micro-benchmarks/DRB177-fib-taskdep-yes.c:25 and micro-benchmarks/DRB177-fib-taskdep-yes.c:28 were declared independent while accessing the same memory address
==27076== [[1;31mERROR[0m]     4 bytes from 0x1FFEFFE124 (stack access)
==27076== [[1;31mERROR[0m] Segments micro-benchmarks/DRB177-fib-taskdep-yes.c:25 and micro-benchmarks/DRB177-fib-taskdep-yes.c:24 were declared independent while accessing the same memory address
==27076== [[1;31mERROR[0m]     4 bytes from 0x1FFEFFE124 (stack access)
==27076== [[1;31mERROR[0m] Segments micro-benchmarks/DRB177-fib-taskdep-yes.c:25 and micro-benchmarks/DRB177-fib-taskdep-yes.c:28 were declared independent while accessing the same memory address
==27076== [[1;31mERROR[0m]     4 bytes from 0x1FFEFFE124 (stack access)
==27076== [[1;31mERROR[0m] Segments micro-benchmarks/DRB177-fib-taskdep-yes.c:25 and micro-benchmarks/DRB177-fib-taskdep-yes.c:25 were declared independent while accessing the same memory address
==27076== [[1;31mERROR[0m]     4 bytes from 0x1FFEFFE124 (stack access)
==27076== [[1;31mERROR[0m] Segments micro-benchmarks/DRB177-fib-taskdep-yes.c:25 and micro-benchmarks/DRB177-fib-taskdep-yes.c:28 were declared independent while accessing the same memory address
==27076== [[1;31mERROR[0m]     4 bytes from 0x1FFEFFE124 (stack access)
==27076== [[1;31mERROR[0m] Segments micro-benchmarks/DRB177-fib-taskdep-yes.c:25 and micro-benchmarks/DRB177-fib-taskdep-yes.c:24 were declared independent while accessing the same memory address
==27076== [[1;31mERROR[0m]     4 bytes from 0x1FFEFFE124 (stack access)
==27076== [[1;31mERROR[0m] Segments micro-benchmarks/DRB177-fib-taskdep-yes.c:25 and micro-benchmarks/DRB177-fib-taskdep-yes.c:28 were declared independent while accessing the same memory address
==27076== [[1;31mERROR[0m]     4 bytes from 0x1FFEFFE124 (stack access)
==27076== [[1;31mERROR[0m] Segments micro-benchmarks/DRB177-fib-taskdep-yes.c:25 and micro-benchmarks/DRB177-fib-taskdep-yes.c:24 were declared independent while accessing the same memory address
==27076== [[1;31mERROR[0m]     4 bytes from 0x1FFEFFE124 (stack access)
==27076== [[1;31mERROR[0m] Segments micro-benchmarks/DRB177-fib-taskdep-yes.c:25 and micro-benchmarks/DRB177-fib-taskdep-yes.c:28 were declared independent while accessing the same memory address
==27076== [[1;31mERROR[0m]     4 bytes from 0x1FFEFFE124 (stack access)
==27076== [[1;31mERROR[0m] Segments micro-benchmarks/DRB177-fib-taskdep-yes.c:25 and micro-benchmarks/DRB177-fib-taskdep-yes.c:24 were declared independent while accessing the same memory address
==27076== [[1;31mERROR[0m]     4 bytes from 0x1FFEFFE124 (stack access)
==27076== [[1;31mERROR[0m] Segments micro-benchmarks/DRB177-fib-taskdep-yes.c:25 and micro-benchmarks/DRB177-fib-taskdep-yes.c:28 were declared independent while accessing the same memory address
==27076== [[1;31mERROR[0m]     4 bytes from 0x1FFEFFE124 (stack access)
==27076== [[1;31mERROR[0m] Segments micro-benchmarks/DRB177-fib-taskdep-yes.c:25 and micro-benchmarks/DRB177-fib-taskdep-yes.c:24 were declared independent while accessing the same memory address
==27076== [[1;31mERROR[0m]     4 bytes from 0x1FFEFFE124 (stack access)
==27076== [[1;31mERROR[0m] Segments micro-benchmarks/DRB177-fib-taskdep-yes.c:25 and micro-benchmarks/DRB177-fib-taskdep-yes.c:28 were declared independent while accessing the same memory address
==27076== [[1;31mERROR[0m]     4 bytes from 0x1FFEFFE124 (stack access)
==27076== [[1;31mERROR[0m] Segments micro-benchmarks/DRB177-fib-taskdep-yes.c:25 and micro-benchmarks/DRB177-fib-taskdep-yes.c:24 were declared independent while accessing the same memory address
==27076== [[1;31mERROR[0m]     4 bytes from 0x1FFEFFE124 (stack access)
==27076== [[1;31mERROR[0m] Segments micro-benchmarks/DRB177-fib-taskdep-yes.c:25 and micro-benchmarks/DRB177-fib-taskdep-yes.c:28 were declared independent while accessing the same memory address
==27076== [[1;31mERROR[0m]     4 bytes from 0x1FFEFFE124 (stack access)
==27076== [[1;32mINFO[0m] 9% comparisons performed
==27076== [[1;31mERROR[0m] Segments micro-benchmarks/DRB177-fib-taskdep-yes.c:24 and micro-benchmarks/DRB177-fib-taskdep-yes.c:28 were declared independent while accessing the same memory address
==27076== [[1;31mERROR[0m]     4 bytes from 0x1FFEFFDE74 (stack access)
==27076== [[1;31mERROR[0m] Segments micro-benchmarks/DRB177-fib-taskdep-yes.c:24 and micro-benchmarks/DRB177-fib-taskdep-yes.c:24 were declared independent while accessing the same memory address
==27076== [[1;31mERROR[0m] Segments micro-benchmarks/DRB177-fib-taskdep-yes.c:24 and micro-benchmarks/DRB177-fib-taskdep-yes.c:28 were declared independent while accessing the same memory address
==27076== [[1;31mERROR[0m]     4 bytes from 0x1FFEFFDE74 (stack access)
==27076== [[1;31mERROR[0m] Segments micro-benchmarks/DRB177-fib-taskdep-yes.c:24 and micro-benchmarks/DRB177-fib-taskdep-yes.c:24 were declared independent while accessing the same memory address
==27076== [[1;31mERROR[0m] Segments micro-benchmarks/DRB177-fib-taskdep-yes.c:24 and micro-benchmarks/DRB177-fib-taskdep-yes.c:28 were declared independent while accessing the same memory address
==27076== [[1;31mERROR[0m]     4 bytes from 0x1FFEFFDE74 (stack access)
==27076== [[1;31mERROR[0m] Segments micro-benchmarks/DRB177-fib-taskdep-yes.c:24 and micro-benchmarks/DRB177-fib-taskdep-yes.c:24 were declared independent while accessing the same memory address
==27076== [[1;31mERROR[0m] Segments micro-benchmarks/DRB177-fib-taskdep-yes.c:24 and micro-benchmarks/DRB177-fib-taskdep-yes.c:28 were declared independent while accessing the same memory address
==27076== [[1;31mERROR[0m]     4 bytes from 0x1FFEFFDE74 (stack access)
==27076== [[1;31mERROR[0m] Segments micro-benchmarks/DRB177-fib-taskdep-yes.c:24 and micro-benchmarks/DRB177-fib-taskdep-yes.c:24 were declared independent while accessing the same memory address
==27076== [[1;31mERROR[0m] Segments micro-benchmarks/DRB177-fib-taskdep-yes.c:24 and micro-benchmarks/DRB177-fib-taskdep-yes.c:28 were declared independent while accessing the same memory address
==27076== [[1;31mERROR[0m]     4 bytes from 0x1FFEFFDE74 (stack access)
==27076== [[1;31mERROR[0m] Segments micro-benchmarks/DRB177-fib-taskdep-yes.c:24 and micro-benchmarks/DRB177-fib-taskdep-yes.c:24 were declared independent while accessing the same memory address
==27076== [[1;31mERROR[0m] Segments micro-benchmarks/DRB177-fib-taskdep-yes.c:24 and micro-benchmarks/DRB177-fib-taskdep-yes.c:28 were declared independent while accessing the same memory address
==27076== [[1;31mERROR[0m]     4 bytes from 0x1FFEFFDE74 (stack access)
==27076== [[1;31mERROR[0m] Segments micro-benchmarks/DRB177-fib-taskdep-yes.c:24 and micro-benchmarks/DRB177-fib-taskdep-yes.c:24 were declared independent while accessing the same memory address
==27076== [[1;31mERROR[0m] Segments micro-benchmarks/DRB177-fib-taskdep-yes.c:24 and micro-benchmarks/DRB177-fib-taskdep-yes.c:28 were declared independent while accessing the same memory address
==27076== [[1;31mERROR[0m]     4 bytes from 0x1FFEFFDE74 (stack access)
==27076== [[1;31mERROR[0m] Segments micro-benchmarks/DRB177-fib-taskdep-yes.c:26 and micro-benchmarks/DRB177-fib-taskdep-yes.c:26 were declared independent while accessing the same memory address
==27076== [[1;31mERROR[0m] Segments micro-benchmarks/DRB177-fib-taskdep-yes.c:26 and micro-benchmarks/DRB177-fib-taskdep-yes.c:28 were declared independent while accessing the same memory address
==27076== [[1;31mERROR[0m]     4 bytes from 0x1FFEFFDE70 (stack access)
==27076== [[1;31mERROR[0m] Segments micro-benchmarks/DRB177-fib-taskdep-yes.c:26 and micro-benchmarks/DRB177-fib-taskdep-yes.c:26 were declared independent while accessing the same memory address
==27076== [[1;31mERROR[0m] Segments micro-benchmarks/DRB177-fib-taskdep-yes.c:26 and micro-benchmarks/DRB177-fib-taskdep-yes.c:28 were declared independent while accessing the same memory address
==27076== [[1;31mERROR[0m]     4 bytes from 0x1FFEFFDE70 (stack access)
==27076== [[1;31mERROR[0m] Segments micro-benchmarks/DRB177-fib-taskdep-yes.c:26 and micro-benchmarks/DRB177-fib-taskdep-yes.c:26 were declared independent while accessing the same memory address
==27076== [[1;31mERROR[0m] Segments micro-benchmarks/DRB177-fib-taskdep-yes.c:26 and micro-benchmarks/DRB177-fib-taskdep-yes.c:28 were declared independent while accessing the same memory address
==27076== [[1;31mERROR[0m]     4 bytes from 0x1FFEFFDE70 (stack access)
==27076== [[1;31mERROR[0m] Segments micro-benchmarks/DRB177-fib-taskdep-yes.c:26 and micro-benchmarks/DRB177-fib-taskdep-yes.c:26 were declared independent while accessing the same memory address
==27076== [[1;31mERROR[0m] Segments micro-benchmarks/DRB177-fib-taskdep-yes.c:26 and micro-benchmarks/DRB177-fib-taskdep-yes.c:28 were declared independent while accessing the same memory address
==27076== [[1;31mERROR[0m]     4 bytes from 0x1FFEFFDE70 (stack access)
==27076== [[1;31mERROR[0m] Segments micro-benchmarks/DRB177-fib-taskdep-yes.c:26 and micro-benchmarks/DRB177-fib-taskdep-yes.c:26 were declared independent while accessing the same memory address
==27076== [[1;31mERROR[0m] Segments micro-benchmarks/DRB177-fib-taskdep-yes.c:26 and micro-benchmarks/DRB177-fib-taskdep-yes.c:28 were declared independent while accessing the same memory address
==27076== [[1;31mERROR[0m]     4 bytes from 0x1FFEFFDE70 (stack access)
==27076== [[1;31mERROR[0m] Segments micro-benchmarks/DRB177-fib-taskdep-yes.c:26 and micro-benchmarks/DRB177-fib-taskdep-yes.c:26 were declared independent while accessing the same memory address
==27076== [[1;31mERROR[0m] Segments micro-benchmarks/DRB177-fib-taskdep-yes.c:26 and micro-benchmarks/DRB177-fib-taskdep-yes.c:28 were declared independent while accessing the same memory address
==27076== [[1;31mERROR[0m]     4 bytes from 0x1FFEFFDE70 (stack access)
==27076== [[1;31mERROR[0m] Segments micro-benchmarks/DRB177-fib-taskdep-yes.c:28 and micro-benchmarks/DRB177-fib-taskdep-yes.c:24 were declared independent while accessing the same memory address
==27076== [[1;31mERROR[0m]     4 bytes from 0x1FFEFFDE74 (stack access)
==27076== [[1;31mERROR[0m] Segments micro-benchmarks/DRB177-fib-taskdep-yes.c:28 and micro-benchmarks/DRB177-fib-taskdep-yes.c:26 were declared independent while accessing the same memory address
==27076== [[1;31mERROR[0m]     4 bytes from 0x1FFEFFDE70 (stack access)
==27076== [[1;31mERROR[0m] Segments micro-benchmarks/DRB177-fib-taskdep-yes.c:28 and micro-benchmarks/DRB177-fib-taskdep-yes.c:24 were declared independent while accessing the same memory address
==27076== [[1;31mERROR[0m]     4 bytes from 0x1FFEFFDE74 (stack access)
==27076== [[1;31mERROR[0m] Segments micro-benchmarks/DRB177-fib-taskdep-yes.c:28 and micro-benchmarks/DRB177-fib-taskdep-yes.c:26 were declared independent while accessing the same memory address
==27076== [[1;31mERROR[0m]     4 bytes from 0x1FFEFFDE70 (stack access)
==27076== [[1;31mERROR[0m] Segments micro-benchmarks/DRB177-fib-taskdep-yes.c:28 and micro-benchmarks/DRB177-fib-taskdep-yes.c:24 were declared independent while accessing the same memory address
==27076== [[1;31mERROR[0m]     4 bytes from 0x1FFEFFDE74 (stack access)
==27076== [[1;31mERROR[0m] Segments micro-benchmarks/DRB177-fib-taskdep-yes.c:28 and micro-benchmarks/DRB177-fib-taskdep-yes.c:26 were declared independent while accessing the same memory address
==27076== [[1;31mERROR[0m]     4 bytes from 0x1FFEFFDE70 (stack access)
==27076== [[1;31mERROR[0m] Segments micro-benchmarks/DRB177-fib-taskdep-yes.c:28 and micro-benchmarks/DRB177-fib-taskdep-yes.c:24 were declared independent while accessing the same memory address
==27076== [[1;31mERROR[0m]     4 bytes from 0x1FFEFFDE74 (stack access)
==27076== [[1;31mERROR[0m] Segments micro-benchmarks/DRB177-fib-taskdep-yes.c:28 and micro-benchmarks/DRB177-fib-taskdep-yes.c:26 were declared independent while accessing the same memory address
==27076== [[1;31mERROR[0m]     4 bytes from 0x1FFEFFDE70 (stack access)
==27076== [[1;31mERROR[0m] Segments micro-benchmarks/DRB177-fib-taskdep-yes.c:28 and micro-benchmarks/DRB177-fib-taskdep-yes.c:24 were declared independent while accessing the same memory address
==27076== [[1;31mERROR[0m]     4 bytes from 0x1FFEFFDE74 (stack access)
==27076== [[1;31mERROR[0m] Segments micro-benchmarks/DRB177-fib-taskdep-yes.c:28 and micro-benchmarks/DRB177-fib-taskdep-yes.c:26 were declared independent while accessing the same memory address
==27076== [[1;31mERROR[0m]     4 bytes from 0x1FFEFFDE70 (stack access)
==27076== [[1;31mERROR[0m] Segments micro-benchmarks/DRB177-fib-taskdep-yes.c:28 and micro-benchmarks/DRB177-fib-taskdep-yes.c:24 were declared independent while accessing the same memory address
==27076== [[1;31mERROR[0m]     4 bytes from 0x1FFEFFDE74 (stack access)
==27076== [[1;31mERROR[0m] Segments micro-benchmarks/DRB177-fib-taskdep-yes.c:28 and micro-benchmarks/DRB177-fib-taskdep-yes.c:26 were declared independent while accessing the same memory address
==27076== [[1;31mERROR[0m]     4 bytes from 0x1FFEFFDE70 (stack access)
==27076== [[1;31mERROR[0m] Segments micro-benchmarks/DRB177-fib-taskdep-yes.c:27 and micro-benchmarks/DRB177-fib-taskdep-yes.c:26 were declared independent while accessing the same memory address
==27076== [[1;31mERROR[0m]     4 bytes from 0x1FFEFFE120 (stack access)
==27076== [[1;31mERROR[0m] Segments micro-benchmarks/DRB177-fib-taskdep-yes.c:27 and micro-benchmarks/DRB177-fib-taskdep-yes.c:28 were declared independent while accessing the same memory address
==27076== [[1;31mERROR[0m]     4 bytes from 0x1FFEFFE120 (stack access)
==27076== [[1;31mERROR[0m] Segments micro-benchmarks/DRB177-fib-taskdep-yes.c:27 and micro-benchmarks/DRB177-fib-taskdep-yes.c:26 were declared independent while accessing the same memory address
==27076== [[1;31mERROR[0m]     4 bytes from 0x1FFEFFE120 (stack access)
==27076== [[1;31mERROR[0m] Segments micro-benchmarks/DRB177-fib-taskdep-yes.c:27 and micro-benchmarks/DRB177-fib-taskdep-yes.c:28 were declared independent while accessing the same memory address
==27076== [[1;31mERROR[0m]     4 bytes from 0x1FFEFFE120 (stack access)
==27076== [[1;31mERROR[0m] Segments micro-benchmarks/DRB177-fib-taskdep-yes.c:27 and micro-benchmarks/DRB177-fib-taskdep-yes.c:26 were declared independent while accessing the same memory address
==27076== [[1;31mERROR[0m]     4 bytes from 0x1FFEFFE120 (stack access)
==27076== [[1;31mERROR[0m] Segments micro-benchmarks/DRB177-fib-taskdep-yes.c:27 and micro-benchmarks/DRB177-fib-taskdep-yes.c:28 were declared independent while accessing the same memory address
==27076== [[1;31mERROR[0m]     4 bytes from 0x1FFEFFE120 (stack access)
==27076== [[1;31mERROR[0m] Segments micro-benchmarks/DRB177-fib-taskdep-yes.c:27 and micro-benchmarks/DRB177-fib-taskdep-yes.c:26 were declared independent while accessing the same memory address
==27076== [[1;31mERROR[0m]     4 bytes from 0x1FFEFFE120 (stack access)
==27076== [[1;31mERROR[0m] Segments micro-benchmarks/DRB177-fib-taskdep-yes.c:27 and micro-benchmarks/DRB177-fib-taskdep-yes.c:28 were declared independent while accessing the same memory address
==27076== [[1;31mERROR[0m]     4 bytes from 0x1FFEFFE120 (stack access)
==27076== [[1;31mERROR[0m] Segments micro-benchmarks/DRB177-fib-taskdep-yes.c:27 and micro-benchmarks/DRB177-fib-taskdep-yes.c:26 were declared independent while accessing the same memory address
==27076== [[1;31mERROR[0m]     4 bytes from 0x1FFEFFE120 (stack access)
==27076== [[1;31mERROR[0m] Segments micro-benchmarks/DRB177-fib-taskdep-yes.c:27 and micro-benchmarks/DRB177-fib-taskdep-yes.c:28 were declared independent while accessing the same memory address
==27076== [[1;31mERROR[0m]     4 bytes from 0x1FFEFFE120 (stack access)
==27076== [[1;31mERROR[0m] Segments micro-benchmarks/DRB177-fib-taskdep-yes.c:27 and micro-benchmarks/DRB177-fib-taskdep-yes.c:26 were declared independent while accessing the same memory address
==27076== [[1;31mERROR[0m]     4 bytes from 0x1FFEFFE120 (stack access)
==27076== [[1;31mERROR[0m] Segments micro-benchmarks/DRB177-fib-taskdep-yes.c:27 and micro-benchmarks/DRB177-fib-taskdep-yes.c:28 were declared independent while accessing the same memory address
==27076== [[1;31mERROR[0m]     4 bytes from 0x1FFEFFE120 (stack access)
==27076== [[1;31mERROR[0m] Segments micro-benchmarks/DRB177-fib-taskdep-yes.c:27 and micro-benchmarks/DRB177-fib-taskdep-yes.c:26 were declared independent while accessing the same memory address
==27076== [[1;31mERROR[0m]     4 bytes from 0x1FFEFFE120 (stack access)
==27076== [[1;31mERROR[0m] Segments micro-benchmarks/DRB177-fib-taskdep-yes.c:27 and micro-benchmarks/DRB177-fib-taskdep-yes.c:28 were declared independent while accessing the same memory address
==27076== [[1;31mERROR[0m]     4 bytes from 0x1FFEFFE120 (stack access)
==27076== [[1;31mERROR[0m] Segments micro-benchmarks/DRB177-fib-taskdep-yes.c:27 and micro-benchmarks/DRB177-fib-taskdep-yes.c:26 were declared independent while accessing the same memory address
==27076== [[1;31mERROR[0m]     4 bytes from 0x1FFEFFE120 (stack access)
==27076== [[1;31mERROR[0m] Segments micro-benchmarks/DRB177-fib-taskdep-yes.c:27 and micro-benchmarks/DRB177-fib-taskdep-yes.c:28 were declared independent while accessing the same memory address
==27076== [[1;31mERROR[0m]     4 bytes from 0x1FFEFFE120 (stack access)
==27076== [[1;31mERROR[0m] Segments micro-benchmarks/DRB177-fib-taskdep-yes.c:27 and micro-benchmarks/DRB177-fib-taskdep-yes.c:26 were declared independent while accessing the same memory address
==27076== [[1;31mERROR[0m]     4 bytes from 0x1FFEFFE120 (stack access)
==27076== [[1;31mERROR[0m] Segments micro-benchmarks/DRB177-fib-taskdep-yes.c:27 and micro-benchmarks/DRB177-fib-taskdep-yes.c:28 were declared independent while accessing the same memory address
==27076== [[1;31mERROR[0m]     4 bytes from 0x1FFEFFE120 (stack access)
==27076== [[1;31mERROR[0m] Segments micro-benchmarks/DRB177-fib-taskdep-yes.c:27 and micro-benchmarks/DRB177-fib-taskdep-yes.c:26 were declared independent while accessing the same memory address
==27076== [[1;31mERROR[0m]     4 bytes from 0x1FFEFFE120 (stack access)
==27076== [[1;31mERROR[0m] Segments micro-benchmarks/DRB177-fib-taskdep-yes.c:27 and micro-benchmarks/DRB177-fib-taskdep-yes.c:28 were declared independent while accessing the same memory address
==27076== [[1;31mERROR[0m]     4 bytes from 0x1FFEFFE120 (stack access)
==27076== [[1;31mERROR[0m] Segments micro-benchmarks/DRB177-fib-taskdep-yes.c:27 and micro-benchmarks/DRB177-fib-taskdep-yes.c:26 were declared independent while accessing the same memory address
==27076== [[1;31mERROR[0m]     4 bytes from 0x1FFEFFE120 (stack access)
==27076== [[1;31mERROR[0m] Segments micro-benchmarks/DRB177-fib-taskdep-yes.c:27 and micro-benchmarks/DRB177-fib-taskdep-yes.c:28 were declared independent while accessing the same memory address
==27076== [[1;31mERROR[0m]     4 bytes from 0x1FFEFFE120 (stack access)
==27076== [[1;31mERROR[0m] Segments micro-benchmarks/DRB177-fib-taskdep-yes.c:27 and micro-benchmarks/DRB177-fib-taskdep-yes.c:26 were declared independent while accessing the same memory address
==27076== [[1;31mERROR[0m]     4 bytes from 0x1FFEFFE120 (stack access)
==27076== [[1;31mERROR[0m] Segments micro-benchmarks/DRB177-fib-taskdep-yes.c:27 and micro-benchmarks/DRB177-fib-taskdep-yes.c:28 were declared independent while accessing the same memory address
==27076== [[1;31mERROR[0m]     4 bytes from 0x1FFEFFE120 (stack access)
==27076== [[1;31mERROR[0m] Segments micro-benchmarks/DRB177-fib-taskdep-yes.c:27 and micro-benchmarks/DRB177-fib-taskdep-yes.c:26 were declared independent while accessing the same memory address
==27076== [[1;31mERROR[0m]     4 bytes from 0x1FFEFFE120 (stack access)
==27076== [[1;31mERROR[0m] Segments micro-benchmarks/DRB177-fib-taskdep-yes.c:27 and micro-benchmarks/DRB177-fib-taskdep-yes.c:28 were declared independent while accessing the same memory address
==27076== [[1;31mERROR[0m]     4 bytes from 0x1FFEFFE120 (stack access)
==27076== [[1;31mERROR[0m] Segments micro-benchmarks/DRB177-fib-taskdep-yes.c:27 and micro-benchmarks/DRB177-fib-taskdep-yes.c:26 were declared independent while accessing the same memory address
==27076== [[1;31mERROR[0m]     4 bytes from 0x1FFEFFE120 (stack access)
==27076== [[1;31mERROR[0m] Segments micro-benchmarks/DRB177-fib-taskdep-yes.c:27 and micro-benchmarks/DRB177-fib-taskdep-yes.c:28 were declared independent while accessing the same memory address
==27076== [[1;31mERROR[0m]     4 bytes from 0x1FFEFFE120 (stack access)
==27076== [[1;31mERROR[0m] Segments micro-benchmarks/DRB177-fib-taskdep-yes.c:27 and micro-benchmarks/DRB177-fib-taskdep-yes.c:26 were declared independent while accessing the same memory address
==27076== [[1;31mERROR[0m]     4 bytes from 0x1FFEFFE120 (stack access)
==27076== [[1;31mERROR[0m] Segments micro-benchmarks/DRB177-fib-taskdep-yes.c:27 and micro-benchmarks/DRB177-fib-taskdep-yes.c:28 were declared independent while accessing the same memory address
==27076== [[1;31mERROR[0m]     4 bytes from 0x1FFEFFE120 (stack access)
==27076== [[1;31mERROR[0m] Segments micro-benchmarks/DRB177-fib-taskdep-yes.c:27 and micro-benchmarks/DRB177-fib-taskdep-yes.c:26 were declared independent while accessing the same memory address
==27076== [[1;31mERROR[0m]     4 bytes from 0x1FFEFFE120 (stack access)
==27076== [[1;31mERROR[0m] Segments micro-benchmarks/DRB177-fib-taskdep-yes.c:27 and micro-benchmarks/DRB177-fib-taskdep-yes.c:28 were declared independent while accessing the same memory address
==27076== [[1;31mERROR[0m]     4 bytes from 0x1FFEFFE120 (stack access)
==27076== [[1;31mERROR[0m] Segments micro-benchmarks/DRB177-fib-taskdep-yes.c:27 and micro-benchmarks/DRB177-fib-taskdep-yes.c:26 were declared independent while accessing the same memory address
==27076== [[1;31mERROR[0m]     4 bytes from 0x1FFEFFE120 (stack access)
==27076== [[1;31mERROR[0m] Segments micro-benchmarks/DRB177-fib-taskdep-yes.c:27 and micro-benchmarks/DRB177-fib-taskdep-yes.c:28 were declared independent while accessing the same memory address
==27076== [[1;31mERROR[0m]     4 bytes from 0x1FFEFFE120 (stack access)
==27076== [[1;31mERROR[0m] Segments micro-benchmarks/DRB177-fib-taskdep-yes.c:27 and micro-benchmarks/DRB177-fib-taskdep-yes.c:26 were declared independent while accessing the same memory address
==27076== [[1;31mERROR[0m]     4 bytes from 0x1FFEFFE120 (stack access)
==27076== [[1;31mERROR[0m] Segments micro-benchmarks/DRB177-fib-taskdep-yes.c:27 and micro-benchmarks/DRB177-fib-taskdep-yes.c:28 were declared independent while accessing the same memory address
==27076== [[1;31mERROR[0m]     4 bytes from 0x1FFEFFE120 (stack access)
==27076== [[1;31mERROR[0m] Segments micro-benchmarks/DRB177-fib-taskdep-yes.c:27 and micro-benchmarks/DRB177-fib-taskdep-yes.c:26 were declared independent while accessing the same memory address
==27076== [[1;31mERROR[0m]     4 bytes from 0x1FFEFFE120 (stack access)
==27076== [[1;31mERROR[0m] Segments micro-benchmarks/DRB177-fib-taskdep-yes.c:27 and micro-benchmarks/DRB177-fib-taskdep-yes.c:28 were declared independent while accessing the same memory address
==27076== [[1;31mERROR[0m]     4 bytes from 0x1FFEFFE120 (stack access)
==27076== [[1;31mERROR[0m] Segments micro-benchmarks/DRB177-fib-taskdep-yes.c:27 and micro-benchmarks/DRB177-fib-taskdep-yes.c:26 were declared independent while accessing the same memory address
==27076== [[1;31mERROR[0m]     4 bytes from 0x1FFEFFE120 (stack access)
==27076== [[1;31mERROR[0m] Segments micro-benchmarks/DRB177-fib-taskdep-yes.c:27 and micro-benchmarks/DRB177-fib-taskdep-yes.c:28 were declared independent while accessing the same memory address
==27076== [[1;31mERROR[0m]     4 bytes from 0x1FFEFFE120 (stack access)
==27076== [[1;31mERROR[0m] Segments micro-benchmarks/DRB177-fib-taskdep-yes.c:27 and micro-benchmarks/DRB177-fib-taskdep-yes.c:26 were declared independent while accessing the same memory address
==27076== [[1;31mERROR[0m]     4 bytes from 0x1FFEFFE120 (stack access)
==27076== [[1;31mERROR[0m] Segments micro-benchmarks/DRB177-fib-taskdep-yes.c:27 and micro-benchmarks/DRB177-fib-taskdep-yes.c:28 were declared independent while accessing the same memory address
==27076== [[1;31mERROR[0m]     4 bytes from 0x1FFEFFE120 (stack access)
==27076== [[1;31mERROR[0m] Segments micro-benchmarks/DRB177-fib-taskdep-yes.c:28 and micro-benchmarks/DRB177-fib-taskdep-yes.c:25 were declared independent while accessing the same memory address
==27076== [[1;31mERROR[0m]     4 bytes from 0x1FFEFFE124 (stack access)
==27076== [[1;31mERROR[0m] Segments micro-benchmarks/DRB177-fib-taskdep-yes.c:28 and micro-benchmarks/DRB177-fib-taskdep-yes.c:26 were declared independent while accessing the same memory address
==27076== [[1;31mERROR[0m]     4 bytes from 0x1FFEFFE120 (stack access)
==27076== [[1;31mERROR[0m] Segments micro-benchmarks/DRB177-fib-taskdep-yes.c:28 and micro-benchmarks/DRB177-fib-taskdep-yes.c:25 were declared independent while accessing the same memory address
==27076== [[1;31mERROR[0m]     4 bytes from 0x1FFEFFE124 (stack access)
==27076== [[1;31mERROR[0m] Segments micro-benchmarks/DRB177-fib-taskdep-yes.c:28 and micro-benchmarks/DRB177-fib-taskdep-yes.c:26 were declared independent while accessing the same memory address
==27076== [[1;31mERROR[0m]     4 bytes from 0x1FFEFFE120 (stack access)
==27076== [[1;31mERROR[0m] Segments micro-benchmarks/DRB177-fib-taskdep-yes.c:28 and micro-benchmarks/DRB177-fib-taskdep-yes.c:24 were declared independent while accessing the same memory address
==27076== [[1;31mERROR[0m]     4 bytes from 0x1FFEFFE124 (stack access)
==27076== [[1;31mERROR[0m] Segments micro-benchmarks/DRB177-fib-taskdep-yes.c:28 and micro-benchmarks/DRB177-fib-taskdep-yes.c:26 were declared independent while accessing the same memory address
==27076== [[1;31mERROR[0m]     4 bytes from 0x1FFEFFE120 (stack access)
==27076== [[1;31mERROR[0m] Segments micro-benchmarks/DRB177-fib-taskdep-yes.c:28 and micro-benchmarks/DRB177-fib-taskdep-yes.c:25 were declared independent while accessing the same memory address
==27076== [[1;31mERROR[0m]     4 bytes from 0x1FFEFFE124 (stack access)
==27076== [[1;31mERROR[0m] Segments micro-benchmarks/DRB177-fib-taskdep-yes.c:28 and micro-benchmarks/DRB177-fib-taskdep-yes.c:26 were declared independent while accessing the same memory address
==27076== [[1;31mERROR[0m]     4 bytes from 0x1FFEFFE120 (stack access)
==27076== [[1;31mERROR[0m] Segments micro-benchmarks/DRB177-fib-taskdep-yes.c:28 and micro-benchmarks/DRB177-fib-taskdep-yes.c:24 were declared independent while accessing the same memory address
==27076== [[1;31mERROR[0m]     4 bytes from 0x1FFEFFE124 (stack access)
==27076== [[1;31mERROR[0m] Segments micro-benchmarks/DRB177-fib-taskdep-yes.c:28 and micro-benchmarks/DRB177-fib-taskdep-yes.c:26 were declared independent while accessing the same memory address
==27076== [[1;31mERROR[0m]     4 bytes from 0x1FFEFFE120 (stack access)
==27076== [[1;31mERROR[0m] Segments micro-benchmarks/DRB177-fib-taskdep-yes.c:28 and micro-benchmarks/DRB177-fib-taskdep-yes.c:24 were declared independent while accessing the same memory address
==27076== [[1;31mERROR[0m]     4 bytes from 0x1FFEFFE124 (stack access)
==27076== [[1;31mERROR[0m] Segments micro-benchmarks/DRB177-fib-taskdep-yes.c:28 and micro-benchmarks/DRB177-fib-taskdep-yes.c:26 were declared independent while accessing the same memory address
==27076== [[1;31mERROR[0m]     4 bytes from 0x1FFEFFE120 (stack access)
==27076== [[1;31mERROR[0m] Segments micro-benchmarks/DRB177-fib-taskdep-yes.c:28 and micro-benchmarks/DRB177-fib-taskdep-yes.c:25 were declared independent while accessing the same memory address
==27076== [[1;31mERROR[0m]     4 bytes from 0x1FFEFFE124 (stack access)
==27076== [[1;31mERROR[0m] Segments micro-benchmarks/DRB177-fib-taskdep-yes.c:28 and micro-benchmarks/DRB177-fib-taskdep-yes.c:26 were declared independent while accessing the same memory address
==27076== [[1;31mERROR[0m]     4 bytes from 0x1FFEFFE120 (stack access)
==27076== [[1;31mERROR[0m] Segments micro-benchmarks/DRB177-fib-taskdep-yes.c:28 and micro-benchmarks/DRB177-fib-taskdep-yes.c:24 were declared independent while accessing the same memory address
==27076== [[1;31mERROR[0m]     4 bytes from 0x1FFEFFE124 (stack access)
==27076== [[1;31mERROR[0m] Segments micro-benchmarks/DRB177-fib-taskdep-yes.c:28 and micro-benchmarks/DRB177-fib-taskdep-yes.c:26 were declared independent while accessing the same memory address
==27076== [[1;31mERROR[0m]     4 bytes from 0x1FFEFFE120 (stack access)
==27076== [[1;31mERROR[0m] Segments micro-benchmarks/DRB177-fib-taskdep-yes.c:28 and micro-benchmarks/DRB177-fib-taskdep-yes.c:24 were declared independent while accessing the same memory address
==27076== [[1;31mERROR[0m]     4 bytes from 0x1FFEFFE124 (stack access)
==27076== [[1;31mERROR[0m] Segments micro-benchmarks/DRB177-fib-taskdep-yes.c:28 and micro-benchmarks/DRB177-fib-taskdep-yes.c:26 were declared independent while accessing the same memory address
==27076== [[1;31mERROR[0m]     4 bytes from 0x1FFEFFE120 (stack access)
==27076== [[1;31mERROR[0m] Segments micro-benchmarks/DRB177-fib-taskdep-yes.c:28 and micro-benchmarks/DRB177-fib-taskdep-yes.c:24 were declared independent while accessing the same memory address
==27076== [[1;31mERROR[0m]     4 bytes from 0x1FFEFFE124 (stack access)
==27076== [[1;31mERROR[0m] Segments micro-benchmarks/DRB177-fib-taskdep-yes.c:28 and micro-benchmarks/DRB177-fib-taskdep-yes.c:26 were declared independent while accessing the same memory address
==27076== [[1;31mERROR[0m]     4 bytes from 0x1FFEFFE120 (stack access)
==27076== [[1;31mERROR[0m] Segments micro-benchmarks/DRB177-fib-taskdep-yes.c:28 and micro-benchmarks/DRB177-fib-taskdep-yes.c:25 were declared independent while accessing the same memory address
==27076== [[1;31mERROR[0m]     4 bytes from 0x1FFEFFE124 (stack access)
==27076== [[1;31mERROR[0m] Segments micro-benchmarks/DRB177-fib-taskdep-yes.c:28 and micro-benchmarks/DRB177-fib-taskdep-yes.c:26 were declared independent while accessing the same memory address
==27076== [[1;31mERROR[0m]     4 bytes from 0x1FFEFFE120 (stack access)
==27076== [[1;31mERROR[0m] Segments micro-benchmarks/DRB177-fib-taskdep-yes.c:28 and micro-benchmarks/DRB177-fib-taskdep-yes.c:24 were declared independent while accessing the same memory address
==27076== [[1;31mERROR[0m]     4 bytes from 0x1FFEFFE124 (stack access)
==27076== [[1;31mERROR[0m] Segments micro-benchmarks/DRB177-fib-taskdep-yes.c:28 and micro-benchmarks/DRB177-fib-taskdep-yes.c:26 were declared independent while accessing the same memory address
==27076== [[1;31mERROR[0m]     4 bytes from 0x1FFEFFE120 (stack access)
==27076== [[1;31mERROR[0m] Segments micro-benchmarks/DRB177-fib-taskdep-yes.c:28 and micro-benchmarks/DRB177-fib-taskdep-yes.c:24 were declared independent while accessing the same memory address
==27076== [[1;31mERROR[0m]     4 bytes from 0x1FFEFFE124 (stack access)
==27076== [[1;31mERROR[0m] Segments micro-benchmarks/DRB177-fib-taskdep-yes.c:28 and micro-benchmarks/DRB177-fib-taskdep-yes.c:26 were declared independent while accessing the same memory address
==27076== [[1;31mERROR[0m]     4 bytes from 0x1FFEFFE120 (stack access)
==27076== [[1;31mERROR[0m] Segments micro-benchmarks/DRB177-fib-taskdep-yes.c:28 and micro-benchmarks/DRB177-fib-taskdep-yes.c:24 were declared independent while accessing the same memory address
==27076== [[1;31mERROR[0m]     4 bytes from 0x1FFEFFE124 (stack access)
==27076== [[1;31mERROR[0m] Segments micro-benchmarks/DRB177-fib-taskdep-yes.c:28 and micro-benchmarks/DRB177-fib-taskdep-yes.c:26 were declared independent while accessing the same memory address
==27076== [[1;31mERROR[0m]     4 bytes from 0x1FFEFFE120 (stack access)
==27076== [[1;31mERROR[0m] Segments micro-benchmarks/DRB177-fib-taskdep-yes.c:28 and micro-benchmarks/DRB177-fib-taskdep-yes.c:24 were declared independent while accessing the same memory address
==27076== [[1;31mERROR[0m]     4 bytes from 0x1FFEFFE124 (stack access)
==27076== [[1;31mERROR[0m] Segments micro-benchmarks/DRB177-fib-taskdep-yes.c:28 and micro-benchmarks/DRB177-fib-taskdep-yes.c:26 were declared independent while accessing the same memory address
==27076== [[1;31mERROR[0m]     4 bytes from 0x1FFEFFE120 (stack access)
==27076== [[1;31mERROR[0m] Segments micro-benchmarks/DRB177-fib-taskdep-yes.c:28 and micro-benchmarks/DRB177-fib-taskdep-yes.c:25 were declared independent while accessing the same memory address
==27076== [[1;31mERROR[0m]     4 bytes from 0x1FFEFFE124 (stack access)
==27076== [[1;31mERROR[0m] Segments micro-benchmarks/DRB177-fib-taskdep-yes.c:28 and micro-benchmarks/DRB177-fib-taskdep-yes.c:26 were declared independent while accessing the same memory address
==27076== [[1;31mERROR[0m]     4 bytes from 0x1FFEFFE120 (stack access)
==27076== [[1;31mERROR[0m] Segments micro-benchmarks/DRB177-fib-taskdep-yes.c:28 and micro-benchmarks/DRB177-fib-taskdep-yes.c:24 were declared independent while accessing the same memory address
==27076== [[1;31mERROR[0m]     4 bytes from 0x1FFEFFE124 (stack access)
==27076== [[1;31mERROR[0m] Segments micro-benchmarks/DRB177-fib-taskdep-yes.c:28 and micro-benchmarks/DRB177-fib-taskdep-yes.c:26 were declared independent while accessing the same memory address
==27076== [[1;31mERROR[0m]     4 bytes from 0x1FFEFFE120 (stack access)
==27076== [[1;31mERROR[0m] Segments micro-benchmarks/DRB177-fib-taskdep-yes.c:28 and micro-benchmarks/DRB177-fib-taskdep-yes.c:24 were declared independent while accessing the same memory address
==27076== [[1;31mERROR[0m]     4 bytes from 0x1FFEFFE124 (stack access)
==27076== [[1;31mERROR[0m] Segments micro-benchmarks/DRB177-fib-taskdep-yes.c:28 and micro-benchmarks/DRB177-fib-taskdep-yes.c:26 were declared independent while accessing the same memory address
==27076== [[1;31mERROR[0m]     4 bytes from 0x1FFEFFE120 (stack access)
==27076== [[1;31mERROR[0m] Segments micro-benchmarks/DRB177-fib-taskdep-yes.c:28 and micro-benchmarks/DRB177-fib-taskdep-yes.c:24 were declared independent while accessing the same memory address
==27076== [[1;31mERROR[0m]     4 bytes from 0x1FFEFFE124 (stack access)
==27076== [[1;31mERROR[0m] Segments micro-benchmarks/DRB177-fib-taskdep-yes.c:28 and micro-benchmarks/DRB177-fib-taskdep-yes.c:26 were declared independent while accessing the same memory address
==27076== [[1;31mERROR[0m]     4 bytes from 0x1FFEFFE120 (stack access)
==27076== [[1;31mERROR[0m] Segments micro-benchmarks/DRB177-fib-taskdep-yes.c:28 and micro-benchmarks/DRB177-fib-taskdep-yes.c:24 were declared independent while accessing the same memory address
==27076== [[1;31mERROR[0m]     4 bytes from 0x1FFEFFE124 (stack access)
==27076== [[1;31mERROR[0m] Segments micro-benchmarks/DRB177-fib-taskdep-yes.c:28 and micro-benchmarks/DRB177-fib-taskdep-yes.c:26 were declared independent while accessing the same memory address
==27076== [[1;31mERROR[0m]     4 bytes from 0x1FFEFFE120 (stack access)
==27076== [[1;31mERROR[0m] Segments micro-benchmarks/DRB177-fib-taskdep-yes.c:28 and micro-benchmarks/DRB177-fib-taskdep-yes.c:24 were declared independent while accessing the same memory address
==27076== [[1;31mERROR[0m]     4 bytes from 0x1FFEFFE124 (stack access)
==27076== [[1;31mERROR[0m] Segments micro-benchmarks/DRB177-fib-taskdep-yes.c:28 and micro-benchmarks/DRB177-fib-taskdep-yes.c:26 were declared independent while accessing the same memory address
==27076== [[1;31mERROR[0m]     4 bytes from 0x1FFEFFE120 (stack access)
==27076== [[1;31mERROR[0m] Segments micro-benchmarks/DRB177-fib-taskdep-yes.c:25 and micro-benchmarks/DRB177-fib-taskdep-yes.c:28 were declared independent while accessing the same memory address
==27076== [[1;31mERROR[0m]     4 bytes from 0x1FFEFFE3D4 (stack access)
==27076== [[1;31mERROR[0m] Segments micro-benchmarks/DRB177-fib-taskdep-yes.c:25 and micro-benchmarks/DRB177-fib-taskdep-yes.c:25 were declared independent while accessing the same memory address
==27076== [[1;31mERROR[0m]     4 bytes from 0x1FFEFFE3D4 (stack access)
==27076== [[1;31mERROR[0m] Segments micro-benchmarks/DRB177-fib-taskdep-yes.c:25 and micro-benchmarks/DRB177-fib-taskdep-yes.c:28 were declared independent while accessing the same memory address
==27076== [[1;31mERROR[0m]     4 bytes from 0x1FFEFFE3D4 (stack access)
==27076== [[1;31mERROR[0m] Segments micro-benchmarks/DRB177-fib-taskdep-yes.c:25 and micro-benchmarks/DRB177-fib-taskdep-yes.c:25 were declared independent while accessing the same memory address
==27076== [[1;31mERROR[0m]     4 bytes from 0x1FFEFFE3D4 (stack access)
==27076== [[1;31mERROR[0m] Segments micro-benchmarks/DRB177-fib-taskdep-yes.c:25 and micro-benchmarks/DRB177-fib-taskdep-yes.c:28 were declared independent while accessing the same memory address
==27076== [[1;31mERROR[0m]     4 bytes from 0x1FFEFFE3D4 (stack access)
==27076== [[1;31mERROR[0m] Segments micro-benchmarks/DRB177-fib-taskdep-yes.c:25 and micro-benchmarks/DRB177-fib-taskdep-yes.c:25 were declared independent while accessing the same memory address
==27076== [[1;31mERROR[0m]     4 bytes from 0x1FFEFFE3D4 (stack access)
==27076== [[1;31mERROR[0m] Segments micro-benchmarks/DRB177-fib-taskdep-yes.c:25 and micro-benchmarks/DRB177-fib-taskdep-yes.c:28 were declared independent while accessing the same memory address
==27076== [[1;31mERROR[0m]     4 bytes from 0x1FFEFFE3D4 (stack access)
==27076== [[1;31mERROR[0m] Segments micro-benchmarks/DRB177-fib-taskdep-yes.c:25 and micro-benchmarks/DRB177-fib-taskdep-yes.c:25 were declared independent while accessing the same memory address
==27076== [[1;31mERROR[0m]     4 bytes from 0x1FFEFFE3D4 (stack access)
==27076== [[1;31mERROR[0m] Segments micro-benchmarks/DRB177-fib-taskdep-yes.c:25 and micro-benchmarks/DRB177-fib-taskdep-yes.c:28 were declared independent while accessing the same memory address
==27076== [[1;31mERROR[0m]     4 bytes from 0x1FFEFFE3D4 (stack access)
==27076== [[1;31mERROR[0m] Segments micro-benchmarks/DRB177-fib-taskdep-yes.c:25 and micro-benchmarks/DRB177-fib-taskdep-yes.c:25 were declared independent while accessing the same memory address
==27076== [[1;31mERROR[0m]     4 bytes from 0x1FFEFFE3D4 (stack access)
==27076== [[1;31mERROR[0m] Segments micro-benchmarks/DRB177-fib-taskdep-yes.c:25 and micro-benchmarks/DRB177-fib-taskdep-yes.c:28 were declared independent while accessing the same memory address
==27076== [[1;31mERROR[0m]     4 bytes from 0x1FFEFFE3D4 (stack access)
==27076== [[1;31mERROR[0m] Segments micro-benchmarks/DRB177-fib-taskdep-yes.c:25 and micro-benchmarks/DRB177-fib-taskdep-yes.c:25 were declared independent while accessing the same memory address
==27076== [[1;31mERROR[0m]     4 bytes from 0x1FFEFFE3D4 (stack access)
==27076== [[1;31mERROR[0m] Segments micro-benchmarks/DRB177-fib-taskdep-yes.c:25 and micro-benchmarks/DRB177-fib-taskdep-yes.c:28 were declared independent while accessing the same memory address
==27076== [[1;31mERROR[0m]     4 bytes from 0x1FFEFFE3D4 (stack access)
==27076== [[1;31mERROR[0m] Segments micro-benchmarks/DRB177-fib-taskdep-yes.c:25 and micro-benchmarks/DRB177-fib-taskdep-yes.c:24 were declared independent while accessing the same memory address
==27076== [[1;31mERROR[0m]     4 bytes from 0x1FFEFFE3D4 (stack access)
==27076== [[1;31mERROR[0m] Segments micro-benchmarks/DRB177-fib-taskdep-yes.c:25 and micro-benchmarks/DRB177-fib-taskdep-yes.c:28 were declared independent while accessing the same memory address
==27076== [[1;31mERROR[0m]     4 bytes from 0x1FFEFFE3D4 (stack access)
==27076== [[1;31mERROR[0m] Segments micro-benchmarks/DRB177-fib-taskdep-yes.c:25 and micro-benchmarks/DRB177-fib-taskdep-yes.c:25 were declared independent while accessing the same memory address
==27076== [[1;31mERROR[0m]     4 bytes from 0x1FFEFFE3D4 (stack access)
==27076== [[1;31mERROR[0m] Segments micro-benchmarks/DRB177-fib-taskdep-yes.c:25 and micro-benchmarks/DRB177-fib-taskdep-yes.c:28 were declared independent while accessing the same memory address
==27076== [[1;31mERROR[0m]     4 bytes from 0x1FFEFFE3D4 (stack access)
==27076== [[1;31mERROR[0m] Segments micro-benchmarks/DRB177-fib-taskdep-yes.c:25 and micro-benchmarks/DRB177-fib-taskdep-yes.c:25 were declared independent while accessing the same memory address
==27076== [[1;31mERROR[0m]     4 bytes from 0x1FFEFFE3D4 (stack access)
==27076== [[1;31mERROR[0m] Segments micro-benchmarks/DRB177-fib-taskdep-yes.c:25 and micro-benchmarks/DRB177-fib-taskdep-yes.c:28 were declared independent while accessing the same memory address
==27076== [[1;31mERROR[0m]     4 bytes from 0x1FFEFFE3D4 (stack access)
==27076== [[1;31mERROR[0m] Segments micro-benchmarks/DRB177-fib-taskdep-yes.c:25 and micro-benchmarks/DRB177-fib-taskdep-yes.c:25 were declared independent while accessing the same memory address
==27076== [[1;31mERROR[0m]     4 bytes from 0x1FFEFFE3D4 (stack access)
==27076== [[1;31mERROR[0m] Segments micro-benchmarks/DRB177-fib-taskdep-yes.c:25 and micro-benchmarks/DRB177-fib-taskdep-yes.c:28 were declared independent while accessing the same memory address
==27076== [[1;31mERROR[0m]     4 bytes from 0x1FFEFFE3D4 (stack access)
==27076== [[1;31mERROR[0m] Segments micro-benchmarks/DRB177-fib-taskdep-yes.c:25 and micro-benchmarks/DRB177-fib-taskdep-yes.c:24 were declared independent while accessing the same memory address
==27076== [[1;31mERROR[0m]     4 bytes from 0x1FFEFFE3D4 (stack access)
==27076== [[1;31mERROR[0m] Segments micro-benchmarks/DRB177-fib-taskdep-yes.c:25 and micro-benchmarks/DRB177-fib-taskdep-yes.c:28 were declared independent while accessing the same memory address
==27076== [[1;31mERROR[0m]     4 bytes from 0x1FFEFFE3D4 (stack access)
==27076== [[1;31mERROR[0m] Segments micro-benchmarks/DRB177-fib-taskdep-yes.c:25 and micro-benchmarks/DRB177-fib-taskdep-yes.c:25 were declared independent while accessing the same memory address
==27076== [[1;31mERROR[0m]     4 bytes from 0x1FFEFFE3D4 (stack access)
==27076== [[1;31mERROR[0m] Segments micro-benchmarks/DRB177-fib-taskdep-yes.c:25 and micro-benchmarks/DRB177-fib-taskdep-yes.c:28 were declared independent while accessing the same memory address
==27076== [[1;31mERROR[0m]     4 bytes from 0x1FFEFFE3D4 (stack access)
==27076== [[1;31mERROR[0m] Segments micro-benchmarks/DRB177-fib-taskdep-yes.c:25 and micro-benchmarks/DRB177-fib-taskdep-yes.c:24 were declared independent while accessing the same memory address
==27076== [[1;31mERROR[0m]     4 bytes from 0x1FFEFFE3D4 (stack access)
==27076== [[1;31mERROR[0m] Segments micro-benchmarks/DRB177-fib-taskdep-yes.c:25 and micro-benchmarks/DRB177-fib-taskdep-yes.c:28 were declared independent while accessing the same memory address
==27076== [[1;31mERROR[0m]     4 bytes from 0x1FFEFFE3D4 (stack access)
==27076== [[1;31mERROR[0m] Segments micro-benchmarks/DRB177-fib-taskdep-yes.c:25 and micro-benchmarks/DRB177-fib-taskdep-yes.c:24 were declared independent while accessing the same memory address
==27076== [[1;31mERROR[0m]     4 bytes from 0x1FFEFFE3D4 (stack access)
==27076== [[1;31mERROR[0m] Segments micro-benchmarks/DRB177-fib-taskdep-yes.c:25 and micro-benchmarks/DRB177-fib-taskdep-yes.c:28 were declared independent while accessing the same memory address
==27076== [[1;31mERROR[0m]     4 bytes from 0x1FFEFFE3D4 (stack access)
==27076== [[1;31mERROR[0m] Segments micro-benchmarks/DRB177-fib-taskdep-yes.c:25 and micro-benchmarks/DRB177-fib-taskdep-yes.c:25 were declared independent while accessing the same memory address
==27076== [[1;31mERROR[0m]     4 bytes from 0x1FFEFFE3D4 (stack access)
==27076== [[1;31mERROR[0m] Segments micro-benchmarks/DRB177-fib-taskdep-yes.c:25 and micro-benchmarks/DRB177-fib-taskdep-yes.c:28 were declared independent while accessing the same memory address
==27076== [[1;31mERROR[0m]     4 bytes from 0x1FFEFFE3D4 (stack access)
==27076== [[1;31mERROR[0m] Segments micro-benchmarks/DRB177-fib-taskdep-yes.c:25 and micro-benchmarks/DRB177-fib-taskdep-yes.c:25 were declared independent while accessing the same memory address
==27076== [[1;31mERROR[0m]     4 bytes from 0x1FFEFFE3D4 (stack access)
==27076== [[1;31mERROR[0m] Segments micro-benchmarks/DRB177-fib-taskdep-yes.c:25 and micro-benchmarks/DRB177-fib-taskdep-yes.c:28 were declared independent while accessing the same memory address
==27076== [[1;31mERROR[0m]     4 bytes from 0x1FFEFFE3D4 (stack access)
==27076== [[1;31mERROR[0m] Segments micro-benchmarks/DRB177-fib-taskdep-yes.c:25 and micro-benchmarks/DRB177-fib-taskdep-yes.c:25 were declared independent while accessing the same memory address
==27076== [[1;31mERROR[0m]     4 bytes from 0x1FFEFFE3D4 (stack access)
==27076== [[1;31mERROR[0m] Segments micro-benchmarks/DRB177-fib-taskdep-yes.c:25 and micro-benchmarks/DRB177-fib-taskdep-yes.c:28 were declared independent while accessing the same memory address
==27076== [[1;31mERROR[0m]     4 bytes from 0x1FFEFFE3D4 (stack access)
==27076== [[1;31mERROR[0m] Segments micro-benchmarks/DRB177-fib-taskdep-yes.c:25 and micro-benchmarks/DRB177-fib-taskdep-yes.c:24 were declared independent while accessing the same memory address
==27076== [[1;31mERROR[0m]     4 bytes from 0x1FFEFFE3D4 (stack access)
==27076== [[1;31mERROR[0m] Segments micro-benchmarks/DRB177-fib-taskdep-yes.c:25 and micro-benchmarks/DRB177-fib-taskdep-yes.c:28 were declared independent while accessing the same memory address
==27076== [[1;31mERROR[0m]     4 bytes from 0x1FFEFFE3D4 (stack access)
==27076== [[1;31mERROR[0m] Segments micro-benchmarks/DRB177-fib-taskdep-yes.c:25 and micro-benchmarks/DRB177-fib-taskdep-yes.c:25 were declared independent while accessing the same memory address
==27076== [[1;31mERROR[0m]     4 bytes from 0x1FFEFFE3D4 (stack access)
==27076== [[1;31mERROR[0m] Segments micro-benchmarks/DRB177-fib-taskdep-yes.c:25 and micro-benchmarks/DRB177-fib-taskdep-yes.c:28 were declared independent while accessing the same memory address
==27076== [[1;31mERROR[0m]     4 bytes from 0x1FFEFFE3D4 (stack access)
==27076== [[1;31mERROR[0m] Segments micro-benchmarks/DRB177-fib-taskdep-yes.c:25 and micro-benchmarks/DRB177-fib-taskdep-yes.c:24 were declared independent while accessing the same memory address
==27076== [[1;31mERROR[0m]     4 bytes from 0x1FFEFFE3D4 (stack access)
==27076== [[1;31mERROR[0m] Segments micro-benchmarks/DRB177-fib-taskdep-yes.c:25 and micro-benchmarks/DRB177-fib-taskdep-yes.c:28 were declared independent while accessing the same memory address
==27076== [[1;31mERROR[0m]     4 bytes from 0x1FFEFFE3D4 (stack access)
==27076== [[1;31mERROR[0m] Segments micro-benchmarks/DRB177-fib-taskdep-yes.c:25 and micro-benchmarks/DRB177-fib-taskdep-yes.c:24 were declared independent while accessing the same memory address
==27076== [[1;31mERROR[0m]     4 bytes from 0x1FFEFFE3D4 (stack access)
==27076== [[1;31mERROR[0m] Segments micro-benchmarks/DRB177-fib-taskdep-yes.c:25 and micro-benchmarks/DRB177-fib-taskdep-yes.c:28 were declared independent while accessing the same memory address
==27076== [[1;31mERROR[0m]     4 bytes from 0x1FFEFFE3D4 (stack access)
==27076== [[1;31mERROR[0m] Segments micro-benchmarks/DRB177-fib-taskdep-yes.c:25 and micro-benchmarks/DRB177-fib-taskdep-yes.c:25 were declared independent while accessing the same memory address
==27076== [[1;31mERROR[0m]     4 bytes from 0x1FFEFFE3D4 (stack access)
==27076== [[1;31mERROR[0m] Segments micro-benchmarks/DRB177-fib-taskdep-yes.c:25 and micro-benchmarks/DRB177-fib-taskdep-yes.c:28 were declared independent while accessing the same memory address
==27076== [[1;31mERROR[0m]     4 bytes from 0x1FFEFFE3D4 (stack access)
==27076== [[1;31mERROR[0m] Segments micro-benchmarks/DRB177-fib-taskdep-yes.c:25 and micro-benchmarks/DRB177-fib-taskdep-yes.c:24 were declared independent while accessing the same memory address
==27076== [[1;31mERROR[0m]     4 bytes from 0x1FFEFFE3D4 (stack access)
==27076== [[1;31mERROR[0m] Segments micro-benchmarks/DRB177-fib-taskdep-yes.c:25 and micro-benchmarks/DRB177-fib-taskdep-yes.c:28 were declared independent while accessing the same memory address
==27076== [[1;31mERROR[0m]     4 bytes from 0x1FFEFFE3D4 (stack access)
==27076== [[1;31mERROR[0m] Segments micro-benchmarks/DRB177-fib-taskdep-yes.c:25 and micro-benchmarks/DRB177-fib-taskdep-yes.c:24 were declared independent while accessing the same memory address
==27076== [[1;31mERROR[0m]     4 bytes from 0x1FFEFFE3D4 (stack access)
==27076== [[1;31mERROR[0m] Segments micro-benchmarks/DRB177-fib-taskdep-yes.c:25 and micro-benchmarks/DRB177-fib-taskdep-yes.c:28 were declared independent while accessing the same memory address
==27076== [[1;31mERROR[0m]     4 bytes from 0x1FFEFFE3D4 (stack access)
==27076== [[1;31mERROR[0m] Segments micro-benchmarks/DRB177-fib-taskdep-yes.c:25 and micro-benchmarks/DRB177-fib-taskdep-yes.c:24 were declared independent while accessing the same memory address
==27076== [[1;31mERROR[0m]     4 bytes from 0x1FFEFFE3D4 (stack access)
==27076== [[1;31mERROR[0m] Segments micro-benchmarks/DRB177-fib-taskdep-yes.c:25 and micro-benchmarks/DRB177-fib-taskdep-yes.c:28 were declared independent while accessing the same memory address
==27076== [[1;31mERROR[0m]     4 bytes from 0x1FFEFFE3D4 (stack access)
==27076== [[1;31mERROR[0m] Segments micro-benchmarks/DRB177-fib-taskdep-yes.c:24 and micro-benchmarks/DRB177-fib-taskdep-yes.c:28 were declared independent while accessing the same memory address
==27076== [[1;31mERROR[0m]     4 bytes from 0x1FFEFFDE74 (stack access)
==27076== [[1;31mERROR[0m] Segments micro-benchmarks/DRB177-fib-taskdep-yes.c:24 and micro-benchmarks/DRB177-fib-taskdep-yes.c:24 were declared independent while accessing the same memory address
==27076== [[1;31mERROR[0m] Segments micro-benchmarks/DRB177-fib-taskdep-yes.c:24 and micro-benchmarks/DRB177-fib-taskdep-yes.c:28 were declared independent while accessing the same memory address
==27076== [[1;31mERROR[0m]     4 bytes from 0x1FFEFFDE74 (stack access)
==27076== [[1;31mERROR[0m] Segments micro-benchmarks/DRB177-fib-taskdep-yes.c:24 and micro-benchmarks/DRB177-fib-taskdep-yes.c:24 were declared independent while accessing the same memory address
==27076== [[1;31mERROR[0m] Segments micro-benchmarks/DRB177-fib-taskdep-yes.c:24 and micro-benchmarks/DRB177-fib-taskdep-yes.c:28 were declared independent while accessing the same memory address
==27076== [[1;31mERROR[0m]     4 bytes from 0x1FFEFFDE74 (stack access)
==27076== [[1;31mERROR[0m] Segments micro-benchmarks/DRB177-fib-taskdep-yes.c:24 and micro-benchmarks/DRB177-fib-taskdep-yes.c:24 were declared independent while accessing the same memory address
==27076== [[1;31mERROR[0m] Segments micro-benchmarks/DRB177-fib-taskdep-yes.c:24 and micro-benchmarks/DRB177-fib-taskdep-yes.c:28 were declared independent while accessing the same memory address
==27076== [[1;31mERROR[0m]     4 bytes from 0x1FFEFFDE74 (stack access)
==27076== [[1;31mERROR[0m] Segments micro-benchmarks/DRB177-fib-taskdep-yes.c:24 and micro-benchmarks/DRB177-fib-taskdep-yes.c:24 were declared independent while accessing the same memory address
==27076== [[1;31mERROR[0m] Segments micro-benchmarks/DRB177-fib-taskdep-yes.c:24 and micro-benchmarks/DRB177-fib-taskdep-yes.c:28 were declared independent while accessing the same memory address
==27076== [[1;31mERROR[0m]     4 bytes from 0x1FFEFFDE74 (stack access)
==27076== [[1;31mERROR[0m] Segments micro-benchmarks/DRB177-fib-taskdep-yes.c:24 and micro-benchmarks/DRB177-fib-taskdep-yes.c:24 were declared independent while accessing the same memory address
==27076== [[1;31mERROR[0m] Segments micro-benchmarks/DRB177-fib-taskdep-yes.c:24 and micro-benchmarks/DRB177-fib-taskdep-yes.c:28 were declared independent while accessing the same memory address
==27076== [[1;31mERROR[0m]     4 bytes from 0x1FFEFFDE74 (stack access)
==27076== [[1;31mERROR[0m] Segments micro-benchmarks/DRB177-fib-taskdep-yes.c:26 and micro-benchmarks/DRB177-fib-taskdep-yes.c:26 were declared independent while accessing the same memory address
==27076== [[1;31mERROR[0m] Segments micro-benchmarks/DRB177-fib-taskdep-yes.c:26 and micro-benchmarks/DRB177-fib-taskdep-yes.c:28 were declared independent while accessing the same memory address
==27076== [[1;31mERROR[0m]     4 bytes from 0x1FFEFFDE70 (stack access)
==27076== [[1;31mERROR[0m] Segments micro-benchmarks/DRB177-fib-taskdep-yes.c:26 and micro-benchmarks/DRB177-fib-taskdep-yes.c:26 were declared independent while accessing the same memory address
==27076== [[1;31mERROR[0m] Segments micro-benchmarks/DRB177-fib-taskdep-yes.c:26 and micro-benchmarks/DRB177-fib-taskdep-yes.c:28 were declared independent while accessing the same memory address
==27076== [[1;31mERROR[0m]     4 bytes from 0x1FFEFFDE70 (stack access)
==27076== [[1;31mERROR[0m] Segments micro-benchmarks/DRB177-fib-taskdep-yes.c:26 and micro-benchmarks/DRB177-fib-taskdep-yes.c:26 were declared independent while accessing the same memory address
==27076== [[1;31mERROR[0m] Segments micro-benchmarks/DRB177-fib-taskdep-yes.c:26 and micro-benchmarks/DRB177-fib-taskdep-yes.c:28 were declared independent while accessing the same memory address
==27076== [[1;31mERROR[0m]     4 bytes from 0x1FFEFFDE70 (stack access)
==27076== [[1;31mERROR[0m] Segments micro-benchmarks/DRB177-fib-taskdep-yes.c:26 and micro-benchmarks/DRB177-fib-taskdep-yes.c:26 were declared independent while accessing the same memory address
==27076== [[1;31mERROR[0m] Segments micro-benchmarks/DRB177-fib-taskdep-yes.c:26 and micro-benchmarks/DRB177-fib-taskdep-yes.c:28 were declared independent while accessing the same memory address
==27076== [[1;31mERROR[0m]     4 bytes from 0x1FFEFFDE70 (stack access)
==27076== [[1;31mERROR[0m] Segments micro-benchmarks/DRB177-fib-taskdep-yes.c:26 and micro-benchmarks/DRB177-fib-taskdep-yes.c:26 were declared independent while accessing the same memory address
==27076== [[1;31mERROR[0m] Segments micro-benchmarks/DRB177-fib-taskdep-yes.c:26 and micro-benchmarks/DRB177-fib-taskdep-yes.c:28 were declared independent while accessing the same memory address
==27076== [[1;31mERROR[0m]     4 bytes from 0x1FFEFFDE70 (stack access)
==27076== [[1;31mERROR[0m] Segments micro-benchmarks/DRB177-fib-taskdep-yes.c:28 and micro-benchmarks/DRB177-fib-taskdep-yes.c:24 were declared independent while accessing the same memory address
==27076== [[1;31mERROR[0m]     4 bytes from 0x1FFEFFDE74 (stack access)
==27076== [[1;31mERROR[0m] Segments micro-benchmarks/DRB177-fib-taskdep-yes.c:28 and micro-benchmarks/DRB177-fib-taskdep-yes.c:26 were declared independent while accessing the same memory address
==27076== [[1;31mERROR[0m]     4 bytes from 0x1FFEFFDE70 (stack access)
==27076== [[1;31mERROR[0m] Segments micro-benchmarks/DRB177-fib-taskdep-yes.c:28 and micro-benchmarks/DRB177-fib-taskdep-yes.c:24 were declared independent while accessing the same memory address
==27076== [[1;31mERROR[0m]     4 bytes from 0x1FFEFFDE74 (stack access)
==27076== [[1;31mERROR[0m] Segments micro-benchmarks/DRB177-fib-taskdep-yes.c:28 and micro-benchmarks/DRB177-fib-taskdep-yes.c:26 were declared independent while accessing the same memory address
==27076== [[1;31mERROR[0m]     4 bytes from 0x1FFEFFDE70 (stack access)
==27076== [[1;31mERROR[0m] Segments micro-benchmarks/DRB177-fib-taskdep-yes.c:28 and micro-benchmarks/DRB177-fib-taskdep-yes.c:24 were declared independent while accessing the same memory address
==27076== [[1;31mERROR[0m]     4 bytes from 0x1FFEFFDE74 (stack access)
==27076== [[1;31mERROR[0m] Segments micro-benchmarks/DRB177-fib-taskdep-yes.c:28 and micro-benchmarks/DRB177-fib-taskdep-yes.c:26 were declared independent while accessing the same memory address
==27076== [[1;31mERROR[0m]     4 bytes from 0x1FFEFFDE70 (stack access)
==27076== [[1;31mERROR[0m] Segments micro-benchmarks/DRB177-fib-taskdep-yes.c:28 and micro-benchmarks/DRB177-fib-taskdep-yes.c:24 were declared independent while accessing the same memory address
==27076== [[1;31mERROR[0m]     4 bytes from 0x1FFEFFDE74 (stack access)
==27076== [[1;31mERROR[0m] Segments micro-benchmarks/DRB177-fib-taskdep-yes.c:28 and micro-benchmarks/DRB177-fib-taskdep-yes.c:26 were declared independent while accessing the same memory address
==27076== [[1;31mERROR[0m]     4 bytes from 0x1FFEFFDE70 (stack access)
==27076== [[1;31mERROR[0m] Segments micro-benchmarks/DRB177-fib-taskdep-yes.c:28 and micro-benchmarks/DRB177-fib-taskdep-yes.c:24 were declared independent while accessing the same memory address
==27076== [[1;31mERROR[0m]     4 bytes from 0x1FFEFFDE74 (stack access)
==27076== [[1;31mERROR[0m] Segments micro-benchmarks/DRB177-fib-taskdep-yes.c:28 and micro-benchmarks/DRB177-fib-taskdep-yes.c:26 were declared independent while accessing the same memory address
==27076== [[1;31mERROR[0m]     4 bytes from 0x1FFEFFDE70 (stack access)
==27076== [[1;31mERROR[0m] Segments micro-benchmarks/DRB177-fib-taskdep-yes.c:25 and micro-benchmarks/DRB177-fib-taskdep-yes.c:28 were declared independent while accessing the same memory address
==27076== [[1;31mERROR[0m]     4 bytes from 0x1FFEFFE124 (stack access)
==27076== [[1;31mERROR[0m] Segments micro-benchmarks/DRB177-fib-taskdep-yes.c:25 and micro-benchmarks/DRB177-fib-taskdep-yes.c:25 were declared independent while accessing the same memory address
==27076== [[1;31mERROR[0m]     4 bytes from 0x1FFEFFE124 (stack access)
==27076== [[1;31mERROR[0m] Segments micro-benchmarks/DRB177-fib-taskdep-yes.c:25 and micro-benchmarks/DRB177-fib-taskdep-yes.c:28 were declared independent while accessing the same memory address
==27076== [[1;31mERROR[0m]     4 bytes from 0x1FFEFFE124 (stack access)
==27076== [[1;31mERROR[0m] Segments micro-benchmarks/DRB177-fib-taskdep-yes.c:25 and micro-benchmarks/DRB177-fib-taskdep-yes.c:24 were declared independent while accessing the same memory address
==27076== [[1;31mERROR[0m]     4 bytes from 0x1FFEFFE124 (stack access)
==27076== [[1;31mERROR[0m] Segments micro-benchmarks/DRB177-fib-taskdep-yes.c:25 and micro-benchmarks/DRB177-fib-taskdep-yes.c:28 were declared independent while accessing the same memory address
==27076== [[1;31mERROR[0m]     4 bytes from 0x1FFEFFE124 (stack access)
==27076== [[1;31mERROR[0m] Segments micro-benchmarks/DRB177-fib-taskdep-yes.c:25 and micro-benchmarks/DRB177-fib-taskdep-yes.c:25 were declared independent while accessing the same memory address
==27076== [[1;31mERROR[0m]     4 bytes from 0x1FFEFFE124 (stack access)
==27076== [[1;31mERROR[0m] Segments micro-benchmarks/DRB177-fib-taskdep-yes.c:25 and micro-benchmarks/DRB177-fib-taskdep-yes.c:28 were declared independent while accessing the same memory address
==27076== [[1;31mERROR[0m]     4 bytes from 0x1FFEFFE124 (stack access)
==27076== [[1;31mERROR[0m] Segments micro-benchmarks/DRB177-fib-taskdep-yes.c:25 and micro-benchmarks/DRB177-fib-taskdep-yes.c:24 were declared independent while accessing the same memory address
==27076== [[1;31mERROR[0m]     4 bytes from 0x1FFEFFE124 (stack access)
==27076== [[1;31mERROR[0m] Segments micro-benchmarks/DRB177-fib-taskdep-yes.c:25 and micro-benchmarks/DRB177-fib-taskdep-yes.c:28 were declared independent while accessing the same memory address
==27076== [[1;31mERROR[0m]     4 bytes from 0x1FFEFFE124 (stack access)
==27076== [[1;31mERROR[0m] Segments micro-benchmarks/DRB177-fib-taskdep-yes.c:25 and micro-benchmarks/DRB177-fib-taskdep-yes.c:24 were declared independent while accessing the same memory address
==27076== [[1;31mERROR[0m]     4 bytes from 0x1FFEFFE124 (stack access)
==27076== [[1;31mERROR[0m] Segments micro-benchmarks/DRB177-fib-taskdep-yes.c:25 and micro-benchmarks/DRB177-fib-taskdep-yes.c:28 were declared independent while accessing the same memory address
==27076== [[1;31mERROR[0m]     4 bytes from 0x1FFEFFE124 (stack access)
==27076== [[1;31mERROR[0m] Segments micro-benchmarks/DRB177-fib-taskdep-yes.c:25 and micro-benchmarks/DRB177-fib-taskdep-yes.c:25 were declared independent while accessing the same memory address
==27076== [[1;31mERROR[0m]     4 bytes from 0x1FFEFFE124 (stack access)
==27076== [[1;31mERROR[0m] Segments micro-benchmarks/DRB177-fib-taskdep-yes.c:25 and micro-benchmarks/DRB177-fib-taskdep-yes.c:28 were declared independent while accessing the same memory address
==27076== [[1;31mERROR[0m]     4 bytes from 0x1FFEFFE124 (stack access)
==27076== [[1;31mERROR[0m] Segments micro-benchmarks/DRB177-fib-taskdep-yes.c:25 and micro-benchmarks/DRB177-fib-taskdep-yes.c:24 were declared independent while accessing the same memory address
==27076== [[1;31mERROR[0m]     4 bytes from 0x1FFEFFE124 (stack access)
==27076== [[1;31mERROR[0m] Segments micro-benchmarks/DRB177-fib-taskdep-yes.c:25 and micro-benchmarks/DRB177-fib-taskdep-yes.c:28 were declared independent while accessing the same memory address
==27076== [[1;31mERROR[0m]     4 bytes from 0x1FFEFFE124 (stack access)
==27076== [[1;31mERROR[0m] Segments micro-benchmarks/DRB177-fib-taskdep-yes.c:25 and micro-benchmarks/DRB177-fib-taskdep-yes.c:24 were declared independent while accessing the same memory address
==27076== [[1;31mERROR[0m]     4 bytes from 0x1FFEFFE124 (stack access)
==27076== [[1;31mERROR[0m] Segments micro-benchmarks/DRB177-fib-taskdep-yes.c:25 and micro-benchmarks/DRB177-fib-taskdep-yes.c:28 were declared independent while accessing the same memory address
==27076== [[1;31mERROR[0m]     4 bytes from 0x1FFEFFE124 (stack access)
==27076== [[1;31mERROR[0m] Segments micro-benchmarks/DRB177-fib-taskdep-yes.c:25 and micro-benchmarks/DRB177-fib-taskdep-yes.c:24 were declared independent while accessing the same memory address
==27076== [[1;31mERROR[0m]     4 bytes from 0x1FFEFFE124 (stack access)
==27076== [[1;31mERROR[0m] Segments micro-benchmarks/DRB177-fib-taskdep-yes.c:25 and micro-benchmarks/DRB177-fib-taskdep-yes.c:28 were declared independent while accessing the same memory address
==27076== [[1;31mERROR[0m]     4 bytes from 0x1FFEFFE124 (stack access)
==27076== [[1;31mERROR[0m] Segments micro-benchmarks/DRB177-fib-taskdep-yes.c:25 and micro-benchmarks/DRB177-fib-taskdep-yes.c:25 were declared independent while accessing the same memory address
==27076== [[1;31mERROR[0m]     4 bytes from 0x1FFEFFE124 (stack access)
==27076== [[1;31mERROR[0m] Segments micro-benchmarks/DRB177-fib-taskdep-yes.c:25 and micro-benchmarks/DRB177-fib-taskdep-yes.c:28 were declared independent while accessing the same memory address
==27076== [[1;31mERROR[0m]     4 bytes from 0x1FFEFFE124 (stack access)
==27076== [[1;31mERROR[0m] Segments micro-benchmarks/DRB177-fib-taskdep-yes.c:25 and micro-benchmarks/DRB177-fib-taskdep-yes.c:24 were declared independent while accessing the same memory address
==27076== [[1;31mERROR[0m]     4 bytes from 0x1FFEFFE124 (stack access)
==27076== [[1;31mERROR[0m] Segments micro-benchmarks/DRB177-fib-taskdep-yes.c:25 and micro-benchmarks/DRB177-fib-taskdep-yes.c:28 were declared independent while accessing the same memory address
==27076== [[1;31mERROR[0m]     4 bytes from 0x1FFEFFE124 (stack access)
==27076== [[1;31mERROR[0m] Segments micro-benchmarks/DRB177-fib-taskdep-yes.c:25 and micro-benchmarks/DRB177-fib-taskdep-yes.c:24 were declared independent while accessing the same memory address
==27076== [[1;31mERROR[0m]     4 bytes from 0x1FFEFFE124 (stack access)
==27076== [[1;31mERROR[0m] Segments micro-benchmarks/DRB177-fib-taskdep-yes.c:25 and micro-benchmarks/DRB177-fib-taskdep-yes.c:28 were declared independent while accessing the same memory address
==27076== [[1;31mERROR[0m]     4 bytes from 0x1FFEFFE124 (stack access)
==27076== [[1;31mERROR[0m] Segments micro-benchmarks/DRB177-fib-taskdep-yes.c:25 and micro-benchmarks/DRB177-fib-taskdep-yes.c:24 were declared independent while accessing the same memory address
==27076== [[1;31mERROR[0m]     4 bytes from 0x1FFEFFE124 (stack access)
==27076== [[1;31mERROR[0m] Segments micro-benchmarks/DRB177-fib-taskdep-yes.c:25 and micro-benchmarks/DRB177-fib-taskdep-yes.c:28 were declared independent while accessing the same memory address
==27076== [[1;31mERROR[0m]     4 bytes from 0x1FFEFFE124 (stack access)
==27076== [[1;31mERROR[0m] Segments micro-benchmarks/DRB177-fib-taskdep-yes.c:25 and micro-benchmarks/DRB177-fib-taskdep-yes.c:24 were declared independent while accessing the same memory address
==27076== [[1;31mERROR[0m]     4 bytes from 0x1FFEFFE124 (stack access)
==27076== [[1;31mERROR[0m] Segments micro-benchmarks/DRB177-fib-taskdep-yes.c:25 and micro-benchmarks/DRB177-fib-taskdep-yes.c:28 were declared independent while accessing the same memory address
==27076== [[1;31mERROR[0m]     4 bytes from 0x1FFEFFE124 (stack access)
==27076== [[1;31mERROR[0m] Segments micro-benchmarks/DRB177-fib-taskdep-yes.c:25 and micro-benchmarks/DRB177-fib-taskdep-yes.c:25 were declared independent while accessing the same memory address
==27076== [[1;31mERROR[0m]     4 bytes from 0x1FFEFFE124 (stack access)
==27076== [[1;31mERROR[0m] Segments micro-benchmarks/DRB177-fib-taskdep-yes.c:25 and micro-benchmarks/DRB177-fib-taskdep-yes.c:28 were declared independent while accessing the same memory address
==27076== [[1;31mERROR[0m]     4 bytes from 0x1FFEFFE124 (stack access)
==27076== [[1;31mERROR[0m] Segments micro-benchmarks/DRB177-fib-taskdep-yes.c:25 and micro-benchmarks/DRB177-fib-taskdep-yes.c:24 were declared independent while accessing the same memory address
==27076== [[1;31mERROR[0m]     4 bytes from 0x1FFEFFE124 (stack access)
==27076== [[1;31mERROR[0m] Segments micro-benchmarks/DRB177-fib-taskdep-yes.c:25 and micro-benchmarks/DRB177-fib-taskdep-yes.c:28 were declared independent while accessing the same memory address
==27076== [[1;31mERROR[0m]     4 bytes from 0x1FFEFFE124 (stack access)
==27076== [[1;31mERROR[0m] Segments micro-benchmarks/DRB177-fib-taskdep-yes.c:25 and micro-benchmarks/DRB177-fib-taskdep-yes.c:24 were declared independent while accessing the same memory address
==27076== [[1;31mERROR[0m]     4 bytes from 0x1FFEFFE124 (stack access)
==27076== [[1;31mERROR[0m] Segments micro-benchmarks/DRB177-fib-taskdep-yes.c:25 and micro-benchmarks/DRB177-fib-taskdep-yes.c:28 were declared independent while accessing the same memory address
==27076== [[1;31mERROR[0m]     4 bytes from 0x1FFEFFE124 (stack access)
==27076== [[1;31mERROR[0m] Segments micro-benchmarks/DRB177-fib-taskdep-yes.c:25 and micro-benchmarks/DRB177-fib-taskdep-yes.c:24 were declared independent while accessing the same memory address
==27076== [[1;31mERROR[0m]     4 bytes from 0x1FFEFFE124 (stack access)
==27076== [[1;31mERROR[0m] Segments micro-benchmarks/DRB177-fib-taskdep-yes.c:25 and micro-benchmarks/DRB177-fib-taskdep-yes.c:28 were declared independent while accessing the same memory address
==27076== [[1;31mERROR[0m]     4 bytes from 0x1FFEFFE124 (stack access)
==27076== [[1;31mERROR[0m] Segments micro-benchmarks/DRB177-fib-taskdep-yes.c:25 and micro-benchmarks/DRB177-fib-taskdep-yes.c:24 were declared independent while accessing the same memory address
==27076== [[1;31mERROR[0m]     4 bytes from 0x1FFEFFE124 (stack access)
==27076== [[1;31mERROR[0m] Segments micro-benchmarks/DRB177-fib-taskdep-yes.c:25 and micro-benchmarks/DRB177-fib-taskdep-yes.c:28 were declared independent while accessing the same memory address
==27076== [[1;31mERROR[0m]     4 bytes from 0x1FFEFFE124 (stack access)
==27076== [[1;31mERROR[0m] Segments micro-benchmarks/DRB177-fib-taskdep-yes.c:25 and micro-benchmarks/DRB177-fib-taskdep-yes.c:24 were declared independent while accessing the same memory address
==27076== [[1;31mERROR[0m]     4 bytes from 0x1FFEFFE124 (stack access)
==27076== [[1;31mERROR[0m] Segments micro-benchmarks/DRB177-fib-taskdep-yes.c:25 and micro-benchmarks/DRB177-fib-taskdep-yes.c:28 were declared independent while accessing the same memory address
==27076== [[1;31mERROR[0m]     4 bytes from 0x1FFEFFE124 (stack access)
==27076== [[1;31mERROR[0m] Segments micro-benchmarks/DRB177-fib-taskdep-yes.c:26 and micro-benchmarks/DRB177-fib-taskdep-yes.c:26 were declared independent while accessing the same memory address
==27076== [[1;31mERROR[0m] Segments micro-benchmarks/DRB177-fib-taskdep-yes.c:26 and micro-benchmarks/DRB177-fib-taskdep-yes.c:28 were declared independent while accessing the same memory address
==27076== [[1;31mERROR[0m]     4 bytes from 0x1FFEFFE120 (stack access)
==27076== [[1;31mERROR[0m] Segments micro-benchmarks/DRB177-fib-taskdep-yes.c:26 and micro-benchmarks/DRB177-fib-taskdep-yes.c:26 were declared independent while accessing the same memory address
==27076== [[1;31mERROR[0m] Segments micro-benchmarks/DRB177-fib-taskdep-yes.c:26 and micro-benchmarks/DRB177-fib-taskdep-yes.c:28 were declared independent while accessing the same memory address
==27076== [[1;31mERROR[0m]     4 bytes from 0x1FFEFFE120 (stack access)
==27076== [[1;31mERROR[0m] Segments micro-benchmarks/DRB177-fib-taskdep-yes.c:26 and micro-benchmarks/DRB177-fib-taskdep-yes.c:26 were declared independent while accessing the same memory address
==27076== [[1;31mERROR[0m] Segments micro-benchmarks/DRB177-fib-taskdep-yes.c:26 and micro-benchmarks/DRB177-fib-taskdep-yes.c:28 were declared independent while accessing the same memory address
==27076== [[1;31mERROR[0m]     4 bytes from 0x1FFEFFE120 (stack access)
==27076== [[1;31mERROR[0m] Segments micro-benchmarks/DRB177-fib-taskdep-yes.c:26 and micro-benchmarks/DRB177-fib-taskdep-yes.c:26 were declared independent while accessing the same memory address
==27076== [[1;31mERROR[0m] Segments micro-benchmarks/DRB177-fib-taskdep-yes.c:26 and micro-benchmarks/DRB177-fib-taskdep-yes.c:28 were declared independent while accessing the same memory address
==27076== [[1;31mERROR[0m]     4 bytes from 0x1FFEFFE120 (stack access)
==27076== [[1;31mERROR[0m] Segments micro-benchmarks/DRB177-fib-taskdep-yes.c:26 and micro-benchmarks/DRB177-fib-taskdep-yes.c:26 were declared independent while accessing the same memory address
==27076== [[1;31mERROR[0m] Segments micro-benchmarks/DRB177-fib-taskdep-yes.c:26 and micro-benchmarks/DRB177-fib-taskdep-yes.c:28 were declared independent while accessing the same memory address
==27076== [[1;31mERROR[0m]     4 bytes from 0x1FFEFFE120 (stack access)
==27076== [[1;31mERROR[0m] Segments micro-benchmarks/DRB177-fib-taskdep-yes.c:26 and micro-benchmarks/DRB177-fib-taskdep-yes.c:26 were declared independent while accessing the same memory address
==27076== [[1;31mERROR[0m] Segments micro-benchmarks/DRB177-fib-taskdep-yes.c:26 and micro-benchmarks/DRB177-fib-taskdep-yes.c:28 were declared independent while accessing the same memory address
==27076== [[1;31mERROR[0m]     4 bytes from 0x1FFEFFE120 (stack access)
==27076== [[1;31mERROR[0m] Segments micro-benchmarks/DRB177-fib-taskdep-yes.c:26 and micro-benchmarks/DRB177-fib-taskdep-yes.c:26 were declared independent while accessing the same memory address
==27076== [[1;31mERROR[0m] Segments micro-benchmarks/DRB177-fib-taskdep-yes.c:26 and micro-benchmarks/DRB177-fib-taskdep-yes.c:28 were declared independent while accessing the same memory address
==27076== [[1;31mERROR[0m]     4 bytes from 0x1FFEFFE120 (stack access)
==27076== [[1;31mERROR[0m] Segments micro-benchmarks/DRB177-fib-taskdep-yes.c:26 and micro-benchmarks/DRB177-fib-taskdep-yes.c:26 were declared independent while accessing the same memory address
==27076== [[1;31mERROR[0m] Segments micro-benchmarks/DRB177-fib-taskdep-yes.c:26 and micro-benchmarks/DRB177-fib-taskdep-yes.c:28 were declared independent while accessing the same memory address
==27076== [[1;31mERROR[0m]     4 bytes from 0x1FFEFFE120 (stack access)
==27076== [[1;31mERROR[0m] Segments micro-benchmarks/DRB177-fib-taskdep-yes.c:26 and micro-benchmarks/DRB177-fib-taskdep-yes.c:26 were declared independent while accessing the same memory address
==27076== [[1;31mERROR[0m] Segments micro-benchmarks/DRB177-fib-taskdep-yes.c:26 and micro-benchmarks/DRB177-fib-taskdep-yes.c:28 were declared independent while accessing the same memory address
==27076== [[1;31mERROR[0m]     4 bytes from 0x1FFEFFE120 (stack access)
==27076== [[1;31mERROR[0m] Segments micro-benchmarks/DRB177-fib-taskdep-yes.c:26 and micro-benchmarks/DRB177-fib-taskdep-yes.c:26 were declared independent while accessing the same memory address
==27076== [[1;31mERROR[0m] Segments micro-benchmarks/DRB177-fib-taskdep-yes.c:26 and micro-benchmarks/DRB177-fib-taskdep-yes.c:28 were declared independent while accessing the same memory address
==27076== [[1;31mERROR[0m]     4 bytes from 0x1FFEFFE120 (stack access)
==27076== [[1;31mERROR[0m] Segments micro-benchmarks/DRB177-fib-taskdep-yes.c:26 and micro-benchmarks/DRB177-fib-taskdep-yes.c:26 were declared independent while accessing the same memory address
==27076== [[1;31mERROR[0m] Segments micro-benchmarks/DRB177-fib-taskdep-yes.c:26 and micro-benchmarks/DRB177-fib-taskdep-yes.c:28 were declared independent while accessing the same memory address
==27076== [[1;31mERROR[0m]     4 bytes from 0x1FFEFFE120 (stack access)
==27076== [[1;31mERROR[0m] Segments micro-benchmarks/DRB177-fib-taskdep-yes.c:26 and micro-benchmarks/DRB177-fib-taskdep-yes.c:26 were declared independent while accessing the same memory address
==27076== [[1;31mERROR[0m] Segments micro-benchmarks/DRB177-fib-taskdep-yes.c:26 and micro-benchmarks/DRB177-fib-taskdep-yes.c:28 were declared independent while accessing the same memory address
==27076== [[1;31mERROR[0m]     4 bytes from 0x1FFEFFE120 (stack access)
==27076== [[1;31mERROR[0m] Segments micro-benchmarks/DRB177-fib-taskdep-yes.c:26 and micro-benchmarks/DRB177-fib-taskdep-yes.c:26 were declared independent while accessing the same memory address
==27076== [[1;31mERROR[0m] Segments micro-benchmarks/DRB177-fib-taskdep-yes.c:26 and micro-benchmarks/DRB177-fib-taskdep-yes.c:28 were declared independent while accessing the same memory address
==27076== [[1;31mERROR[0m]     4 bytes from 0x1FFEFFE120 (stack access)
==27076== [[1;31mERROR[0m] Segments micro-benchmarks/DRB177-fib-taskdep-yes.c:26 and micro-benchmarks/DRB177-fib-taskdep-yes.c:26 were declared independent while accessing the same memory address
==27076== [[1;31mERROR[0m] Segments micro-benchmarks/DRB177-fib-taskdep-yes.c:26 and micro-benchmarks/DRB177-fib-taskdep-yes.c:28 were declared independent while accessing the same memory address
==27076== [[1;31mERROR[0m]     4 bytes from 0x1FFEFFE120 (stack access)
==27076== [[1;31mERROR[0m] Segments micro-benchmarks/DRB177-fib-taskdep-yes.c:26 and micro-benchmarks/DRB177-fib-taskdep-yes.c:26 were declared independent while accessing the same memory address
==27076== [[1;31mERROR[0m] Segments micro-benchmarks/DRB177-fib-taskdep-yes.c:26 and micro-benchmarks/DRB177-fib-taskdep-yes.c:28 were declared independent while accessing the same memory address
==27076== [[1;31mERROR[0m]     4 bytes from 0x1FFEFFE120 (stack access)
==27076== [[1;31mERROR[0m] Segments micro-benchmarks/DRB177-fib-taskdep-yes.c:26 and micro-benchmarks/DRB177-fib-taskdep-yes.c:26 were declared independent while accessing the same memory address
==27076== [[1;31mERROR[0m] Segments micro-benchmarks/DRB177-fib-taskdep-yes.c:26 and micro-benchmarks/DRB177-fib-taskdep-yes.c:28 were declared independent while accessing the same memory address
==27076== [[1;31mERROR[0m]     4 bytes from 0x1FFEFFE120 (stack access)
==27076== [[1;31mERROR[0m] Segments micro-benchmarks/DRB177-fib-taskdep-yes.c:26 and micro-benchmarks/DRB177-fib-taskdep-yes.c:26 were declared independent while accessing the same memory address
==27076== [[1;31mERROR[0m] Segments micro-benchmarks/DRB177-fib-taskdep-yes.c:26 and micro-benchmarks/DRB177-fib-taskdep-yes.c:28 were declared independent while accessing the same memory address
==27076== [[1;31mERROR[0m]     4 bytes from 0x1FFEFFE120 (stack access)
==27076== [[1;31mERROR[0m] Segments micro-benchmarks/DRB177-fib-taskdep-yes.c:26 and micro-benchmarks/DRB177-fib-taskdep-yes.c:26 were declared independent while accessing the same memory address
==27076== [[1;31mERROR[0m] Segments micro-benchmarks/DRB177-fib-taskdep-yes.c:26 and micro-benchmarks/DRB177-fib-taskdep-yes.c:28 were declared independent while accessing the same memory address
==27076== [[1;31mERROR[0m]     4 bytes from 0x1FFEFFE120 (stack access)
==27076== [[1;31mERROR[0m] Segments micro-benchmarks/DRB177-fib-taskdep-yes.c:26 and micro-benchmarks/DRB177-fib-taskdep-yes.c:26 were declared independent while accessing the same memory address
==27076== [[1;31mERROR[0m] Segments micro-benchmarks/DRB177-fib-taskdep-yes.c:26 and micro-benchmarks/DRB177-fib-taskdep-yes.c:28 were declared independent while accessing the same memory address
==27076== [[1;31mERROR[0m]     4 bytes from 0x1FFEFFE120 (stack access)
==27076== [[1;31mERROR[0m] Segments micro-benchmarks/DRB177-fib-taskdep-yes.c:26 and micro-benchmarks/DRB177-fib-taskdep-yes.c:26 were declared independent while accessing the same memory address
==27076== [[1;31mERROR[0m] Segments micro-benchmarks/DRB177-fib-taskdep-yes.c:26 and micro-benchmarks/DRB177-fib-taskdep-yes.c:28 were declared independent while accessing the same memory address
==27076== [[1;31mERROR[0m]     4 bytes from 0x1FFEFFE120 (stack access)
==27076== [[1;31mERROR[0m] Segments micro-benchmarks/DRB177-fib-taskdep-yes.c:28 and micro-benchmarks/DRB177-fib-taskdep-yes.c:25 were declared independent while accessing the same memory address
==27076== [[1;31mERROR[0m]     4 bytes from 0x1FFEFFE124 (stack access)
==27076== [[1;31mERROR[0m] Segments micro-benchmarks/DRB177-fib-taskdep-yes.c:28 and micro-benchmarks/DRB177-fib-taskdep-yes.c:26 were declared independent while accessing the same memory address
==27076== [[1;31mERROR[0m]     4 bytes from 0x1FFEFFE120 (stack access)
==27076== [[1;31mERROR[0m] Segments micro-benchmarks/DRB177-fib-taskdep-yes.c:28 and micro-benchmarks/DRB177-fib-taskdep-yes.c:24 were declared independent while accessing the same memory address
==27076== [[1;31mERROR[0m]     4 bytes from 0x1FFEFFE124 (stack access)
==27076== [[1;31mERROR[0m] Segments micro-benchmarks/DRB177-fib-taskdep-yes.c:28 and micro-benchmarks/DRB177-fib-taskdep-yes.c:26 were declared independent while accessing the same memory address
==27076== [[1;31mERROR[0m]     4 bytes from 0x1FFEFFE120 (stack access)
==27076== [[1;31mERROR[0m] Segments micro-benchmarks/DRB177-fib-taskdep-yes.c:28 and micro-benchmarks/DRB177-fib-taskdep-yes.c:25 were declared independent while accessing the same memory address
==27076== [[1;31mERROR[0m]     4 bytes from 0x1FFEFFE124 (stack access)
==27076== [[1;31mERROR[0m] Segments micro-benchmarks/DRB177-fib-taskdep-yes.c:28 and micro-benchmarks/DRB177-fib-taskdep-yes.c:26 were declared independent while accessing the same memory address
==27076== [[1;31mERROR[0m]     4 bytes from 0x1FFEFFE120 (stack access)
==27076== [[1;31mERROR[0m] Segments micro-benchmarks/DRB177-fib-taskdep-yes.c:28 and micro-benchmarks/DRB177-fib-taskdep-yes.c:24 were declared independent while accessing the same memory address
==27076== [[1;31mERROR[0m]     4 bytes from 0x1FFEFFE124 (stack access)
==27076== [[1;31mERROR[0m] Segments micro-benchmarks/DRB177-fib-taskdep-yes.c:28 and micro-benchmarks/DRB177-fib-taskdep-yes.c:26 were declared independent while accessing the same memory address
==27076== [[1;31mERROR[0m]     4 bytes from 0x1FFEFFE120 (stack access)
==27076== [[1;31mERROR[0m] Segments micro-benchmarks/DRB177-fib-taskdep-yes.c:28 and micro-benchmarks/DRB177-fib-taskdep-yes.c:24 were declared independent while accessing the same memory address
==27076== [[1;31mERROR[0m]     4 bytes from 0x1FFEFFE124 (stack access)
==27076== [[1;31mERROR[0m] Segments micro-benchmarks/DRB177-fib-taskdep-yes.c:28 and micro-benchmarks/DRB177-fib-taskdep-yes.c:26 were declared independent while accessing the same memory address
==27076== [[1;31mERROR[0m]     4 bytes from 0x1FFEFFE120 (stack access)
==27076== [[1;31mERROR[0m] Segments micro-benchmarks/DRB177-fib-taskdep-yes.c:28 and micro-benchmarks/DRB177-fib-taskdep-yes.c:25 were declared independent while accessing the same memory address
==27076== [[1;31mERROR[0m]     4 bytes from 0x1FFEFFE124 (stack access)
==27076== [[1;31mERROR[0m] Segments micro-benchmarks/DRB177-fib-taskdep-yes.c:28 and micro-benchmarks/DRB177-fib-taskdep-yes.c:26 were declared independent while accessing the same memory address
==27076== [[1;31mERROR[0m]     4 bytes from 0x1FFEFFE120 (stack access)
==27076== [[1;31mERROR[0m] Segments micro-benchmarks/DRB177-fib-taskdep-yes.c:28 and micro-benchmarks/DRB177-fib-taskdep-yes.c:24 were declared independent while accessing the same memory address
==27076== [[1;31mERROR[0m]     4 bytes from 0x1FFEFFE124 (stack access)
==27076== [[1;31mERROR[0m] Segments micro-benchmarks/DRB177-fib-taskdep-yes.c:28 and micro-benchmarks/DRB177-fib-taskdep-yes.c:26 were declared independent while accessing the same memory address
==27076== [[1;31mERROR[0m]     4 bytes from 0x1FFEFFE120 (stack access)
==27076== [[1;31mERROR[0m] Segments micro-benchmarks/DRB177-fib-taskdep-yes.c:28 and micro-benchmarks/DRB177-fib-taskdep-yes.c:24 were declared independent while accessing the same memory address
==27076== [[1;31mERROR[0m]     4 bytes from 0x1FFEFFE124 (stack access)
==27076== [[1;31mERROR[0m] Segments micro-benchmarks/DRB177-fib-taskdep-yes.c:28 and micro-benchmarks/DRB177-fib-taskdep-yes.c:26 were declared independent while accessing the same memory address
==27076== [[1;31mERROR[0m]     4 bytes from 0x1FFEFFE120 (stack access)
==27076== [[1;31mERROR[0m] Segments micro-benchmarks/DRB177-fib-taskdep-yes.c:28 and micro-benchmarks/DRB177-fib-taskdep-yes.c:24 were declared independent while accessing the same memory address
==27076== [[1;31mERROR[0m]     4 bytes from 0x1FFEFFE124 (stack access)
==27076== [[1;31mERROR[0m] Segments micro-benchmarks/DRB177-fib-taskdep-yes.c:28 and micro-benchmarks/DRB177-fib-taskdep-yes.c:26 were declared independent while accessing the same memory address
==27076== [[1;31mERROR[0m]     4 bytes from 0x1FFEFFE120 (stack access)
==27076== [[1;31mERROR[0m] Segments micro-benchmarks/DRB177-fib-taskdep-yes.c:28 and micro-benchmarks/DRB177-fib-taskdep-yes.c:25 were declared independent while accessing the same memory address
==27076== [[1;31mERROR[0m]     4 bytes from 0x1FFEFFE124 (stack access)
==27076== [[1;31mERROR[0m] Segments micro-benchmarks/DRB177-fib-taskdep-yes.c:28 and micro-benchmarks/DRB177-fib-taskdep-yes.c:26 were declared independent while accessing the same memory address
==27076== [[1;31mERROR[0m]     4 bytes from 0x1FFEFFE120 (stack access)
==27076== [[1;31mERROR[0m] Segments micro-benchmarks/DRB177-fib-taskdep-yes.c:28 and micro-benchmarks/DRB177-fib-taskdep-yes.c:24 were declared independent while accessing the same memory address
==27076== [[1;31mERROR[0m]     4 bytes from 0x1FFEFFE124 (stack access)
==27076== [[1;31mERROR[0m] Segments micro-benchmarks/DRB177-fib-taskdep-yes.c:28 and micro-benchmarks/DRB177-fib-taskdep-yes.c:26 were declared independent while accessing the same memory address
==27076== [[1;31mERROR[0m]     4 bytes from 0x1FFEFFE120 (stack access)
==27076== [[1;31mERROR[0m] Segments micro-benchmarks/DRB177-fib-taskdep-yes.c:28 and micro-benchmarks/DRB177-fib-taskdep-yes.c:24 were declared independent while accessing the same memory address
==27076== [[1;31mERROR[0m]     4 bytes from 0x1FFEFFE124 (stack access)
==27076== [[1;31mERROR[0m] Segments micro-benchmarks/DRB177-fib-taskdep-yes.c:28 and micro-benchmarks/DRB177-fib-taskdep-yes.c:26 were declared independent while accessing the same memory address
==27076== [[1;31mERROR[0m]     4 bytes from 0x1FFEFFE120 (stack access)
==27076== [[1;31mERROR[0m] Segments micro-benchmarks/DRB177-fib-taskdep-yes.c:28 and micro-benchmarks/DRB177-fib-taskdep-yes.c:24 were declared independent while accessing the same memory address
==27076== [[1;31mERROR[0m]     4 bytes from 0x1FFEFFE124 (stack access)
==27076== [[1;31mERROR[0m] Segments micro-benchmarks/DRB177-fib-taskdep-yes.c:28 and micro-benchmarks/DRB177-fib-taskdep-yes.c:26 were declared independent while accessing the same memory address
==27076== [[1;31mERROR[0m]     4 bytes from 0x1FFEFFE120 (stack access)
==27076== [[1;31mERROR[0m] Segments micro-benchmarks/DRB177-fib-taskdep-yes.c:28 and micro-benchmarks/DRB177-fib-taskdep-yes.c:24 were declared independent while accessing the same memory address
==27076== [[1;31mERROR[0m]     4 bytes from 0x1FFEFFE124 (stack access)
==27076== [[1;31mERROR[0m] Segments micro-benchmarks/DRB177-fib-taskdep-yes.c:28 and micro-benchmarks/DRB177-fib-taskdep-yes.c:26 were declared independent while accessing the same memory address
==27076== [[1;31mERROR[0m]     4 bytes from 0x1FFEFFE120 (stack access)
==27076== [[1;31mERROR[0m] Segments micro-benchmarks/DRB177-fib-taskdep-yes.c:28 and micro-benchmarks/DRB177-fib-taskdep-yes.c:25 were declared independent while accessing the same memory address
==27076== [[1;31mERROR[0m]     4 bytes from 0x1FFEFFE124 (stack access)
==27076== [[1;31mERROR[0m] Segments micro-benchmarks/DRB177-fib-taskdep-yes.c:28 and micro-benchmarks/DRB177-fib-taskdep-yes.c:26 were declared independent while accessing the same memory address
==27076== [[1;31mERROR[0m]     4 bytes from 0x1FFEFFE120 (stack access)
==27076== [[1;31mERROR[0m] Segments micro-benchmarks/DRB177-fib-taskdep-yes.c:28 and micro-benchmarks/DRB177-fib-taskdep-yes.c:24 were declared independent while accessing the same memory address
==27076== [[1;31mERROR[0m]     4 bytes from 0x1FFEFFE124 (stack access)
==27076== [[1;31mERROR[0m] Segments micro-benchmarks/DRB177-fib-taskdep-yes.c:28 and micro-benchmarks/DRB177-fib-taskdep-yes.c:26 were declared independent while accessing the same memory address
==27076== [[1;31mERROR[0m]     4 bytes from 0x1FFEFFE120 (stack access)
==27076== [[1;31mERROR[0m] Segments micro-benchmarks/DRB177-fib-taskdep-yes.c:28 and micro-benchmarks/DRB177-fib-taskdep-yes.c:24 were declared independent while accessing the same memory address
==27076== [[1;31mERROR[0m]     4 bytes from 0x1FFEFFE124 (stack access)
==27076== [[1;31mERROR[0m] Segments micro-benchmarks/DRB177-fib-taskdep-yes.c:28 and micro-benchmarks/DRB177-fib-taskdep-yes.c:26 were declared independent while accessing the same memory address
==27076== [[1;31mERROR[0m]     4 bytes from 0x1FFEFFE120 (stack access)
==27076== [[1;31mERROR[0m] Segments micro-benchmarks/DRB177-fib-taskdep-yes.c:28 and micro-benchmarks/DRB177-fib-taskdep-yes.c:24 were declared independent while accessing the same memory address
==27076== [[1;31mERROR[0m]     4 bytes from 0x1FFEFFE124 (stack access)
==27076== [[1;31mERROR[0m] Segments micro-benchmarks/DRB177-fib-taskdep-yes.c:28 and micro-benchmarks/DRB177-fib-taskdep-yes.c:26 were declared independent while accessing the same memory address
==27076== [[1;31mERROR[0m]     4 bytes from 0x1FFEFFE120 (stack access)
==27076== [[1;31mERROR[0m] Segments micro-benchmarks/DRB177-fib-taskdep-yes.c:28 and micro-benchmarks/DRB177-fib-taskdep-yes.c:24 were declared independent while accessing the same memory address
==27076== [[1;31mERROR[0m]     4 bytes from 0x1FFEFFE124 (stack access)
==27076== [[1;31mERROR[0m] Segments micro-benchmarks/DRB177-fib-taskdep-yes.c:28 and micro-benchmarks/DRB177-fib-taskdep-yes.c:26 were declared independent while accessing the same memory address
==27076== [[1;31mERROR[0m]     4 bytes from 0x1FFEFFE120 (stack access)
==27076== [[1;31mERROR[0m] Segments micro-benchmarks/DRB177-fib-taskdep-yes.c:28 and micro-benchmarks/DRB177-fib-taskdep-yes.c:24 were declared independent while accessing the same memory address
==27076== [[1;31mERROR[0m]     4 bytes from 0x1FFEFFE124 (stack access)
==27076== [[1;31mERROR[0m] Segments micro-benchmarks/DRB177-fib-taskdep-yes.c:28 and micro-benchmarks/DRB177-fib-taskdep-yes.c:26 were declared independent while accessing the same memory address
==27076== [[1;31mERROR[0m]     4 bytes from 0x1FFEFFE120 (stack access)
==27076== [[1;31mERROR[0m] Segments micro-benchmarks/DRB177-fib-taskdep-yes.c:27 and micro-benchmarks/DRB177-fib-taskdep-yes.c:27 were declared independent while accessing the same memory address
==27076== [[1;31mERROR[0m]     4 bytes from 0x1FFEFFE3D0 (stack access)
==27076== [[1;31mERROR[0m] Segments micro-benchmarks/DRB177-fib-taskdep-yes.c:27 and micro-benchmarks/DRB177-fib-taskdep-yes.c:28 were declared independent while accessing the same memory address
==27076== [[1;31mERROR[0m]     4 bytes from 0x1FFEFFE3D0 (stack access)
==27076== [[1;31mERROR[0m] Segments micro-benchmarks/DRB177-fib-taskdep-yes.c:27 and micro-benchmarks/DRB177-fib-taskdep-yes.c:27 were declared independent while accessing the same memory address
==27076== [[1;31mERROR[0m]     4 bytes from 0x1FFEFFE3D0 (stack access)
==27076== [[1;31mERROR[0m] Segments micro-benchmarks/DRB177-fib-taskdep-yes.c:27 and micro-benchmarks/DRB177-fib-taskdep-yes.c:28 were declared independent while accessing the same memory address
==27076== [[1;31mERROR[0m]     4 bytes from 0x1FFEFFE3D0 (stack access)
==27076== [[1;31mERROR[0m] Segments micro-benchmarks/DRB177-fib-taskdep-yes.c:27 and micro-benchmarks/DRB177-fib-taskdep-yes.c:26 were declared independent while accessing the same memory address
==27076== [[1;31mERROR[0m]     4 bytes from 0x1FFEFFE3D0 (stack access)
==27076== [[1;31mERROR[0m] Segments micro-benchmarks/DRB177-fib-taskdep-yes.c:27 and micro-benchmarks/DRB177-fib-taskdep-yes.c:28 were declared independent while accessing the same memory address
==27076== [[1;31mERROR[0m]     4 bytes from 0x1FFEFFE3D0 (stack access)
==27076== [[1;31mERROR[0m] Segments micro-benchmarks/DRB177-fib-taskdep-yes.c:27 and micro-benchmarks/DRB177-fib-taskdep-yes.c:27 were declared independent while accessing the same memory address
==27076== [[1;31mERROR[0m]     4 bytes from 0x1FFEFFE3D0 (stack access)
==27076== [[1;31mERROR[0m] Segments micro-benchmarks/DRB177-fib-taskdep-yes.c:27 and micro-benchmarks/DRB177-fib-taskdep-yes.c:28 were declared independent while accessing the same memory address
==27076== [[1;31mERROR[0m]     4 bytes from 0x1FFEFFE3D0 (stack access)
==27076== [[1;31mERROR[0m] Segments micro-benchmarks/DRB177-fib-taskdep-yes.c:27 and micro-benchmarks/DRB177-fib-taskdep-yes.c:26 were declared independent while accessing the same memory address
==27076== [[1;31mERROR[0m]     4 bytes from 0x1FFEFFE3D0 (stack access)
==27076== [[1;31mERROR[0m] Segments micro-benchmarks/DRB177-fib-taskdep-yes.c:27 and micro-benchmarks/DRB177-fib-taskdep-yes.c:28 were declared independent while accessing the same memory address
==27076== [[1;31mERROR[0m]     4 bytes from 0x1FFEFFE3D0 (stack access)
==27076== [[1;31mERROR[0m] Segments micro-benchmarks/DRB177-fib-taskdep-yes.c:27 and micro-benchmarks/DRB177-fib-taskdep-yes.c:26 were declared independent while accessing the same memory address
==27076== [[1;31mERROR[0m]     4 bytes from 0x1FFEFFE3D0 (stack access)
==27076== [[1;31mERROR[0m] Segments micro-benchmarks/DRB177-fib-taskdep-yes.c:27 and micro-benchmarks/DRB177-fib-taskdep-yes.c:28 were declared independent while accessing the same memory address
==27076== [[1;31mERROR[0m]     4 bytes from 0x1FFEFFE3D0 (stack access)
==27076== [[1;31mERROR[0m] Segments micro-benchmarks/DRB177-fib-taskdep-yes.c:27 and micro-benchmarks/DRB177-fib-taskdep-yes.c:26 were declared independent while accessing the same memory address
==27076== [[1;31mERROR[0m]     4 bytes from 0x1FFEFFE3D0 (stack access)
==27076== [[1;31mERROR[0m] Segments micro-benchmarks/DRB177-fib-taskdep-yes.c:27 and micro-benchmarks/DRB177-fib-taskdep-yes.c:28 were declared independent while accessing the same memory address
==27076== [[1;31mERROR[0m]     4 bytes from 0x1FFEFFE3D0 (stack access)
==27076== [[1;31mERROR[0m] Segments micro-benchmarks/DRB177-fib-taskdep-yes.c:27 and micro-benchmarks/DRB177-fib-taskdep-yes.c:27 were declared independent while accessing the same memory address
==27076== [[1;31mERROR[0m]     4 bytes from 0x1FFEFFE3D0 (stack access)
==27076== [[1;31mERROR[0m] Segments micro-benchmarks/DRB177-fib-taskdep-yes.c:27 and micro-benchmarks/DRB177-fib-taskdep-yes.c:28 were declared independent while accessing the same memory address
==27076== [[1;31mERROR[0m]     4 bytes from 0x1FFEFFE3D0 (stack access)
==27076== [[1;31mERROR[0m] Segments micro-benchmarks/DRB177-fib-taskdep-yes.c:27 and micro-benchmarks/DRB177-fib-taskdep-yes.c:26 were declared independent while accessing the same memory address
==27076== [[1;31mERROR[0m]     4 bytes from 0x1FFEFFE3D0 (stack access)
==27076== [[1;31mERROR[0m] Segments micro-benchmarks/DRB177-fib-taskdep-yes.c:27 and micro-benchmarks/DRB177-fib-taskdep-yes.c:28 were declared independent while accessing the same memory address
==27076== [[1;31mERROR[0m]     4 bytes from 0x1FFEFFE3D0 (stack access)
==27076== [[1;31mERROR[0m] Segments micro-benchmarks/DRB177-fib-taskdep-yes.c:27 and micro-benchmarks/DRB177-fib-taskdep-yes.c:26 were declared independent while accessing the same memory address
==27076== [[1;31mERROR[0m]     4 bytes from 0x1FFEFFE3D0 (stack access)
==27076== [[1;31mERROR[0m] Segments micro-benchmarks/DRB177-fib-taskdep-yes.c:27 and micro-benchmarks/DRB177-fib-taskdep-yes.c:28 were declared independent while accessing the same memory address
==27076== [[1;31mERROR[0m]     4 bytes from 0x1FFEFFE3D0 (stack access)
==27076== [[1;31mERROR[0m] Segments micro-benchmarks/DRB177-fib-taskdep-yes.c:27 and micro-benchmarks/DRB177-fib-taskdep-yes.c:26 were declared independent while accessing the same memory address
==27076== [[1;31mERROR[0m]     4 bytes from 0x1FFEFFE3D0 (stack access)
==27076== [[1;31mERROR[0m] Segments micro-benchmarks/DRB177-fib-taskdep-yes.c:27 and micro-benchmarks/DRB177-fib-taskdep-yes.c:28 were declared independent while accessing the same memory address
==27076== [[1;31mERROR[0m]     4 bytes from 0x1FFEFFE3D0 (stack access)
==27076== [[1;31mERROR[0m] Segments micro-benchmarks/DRB177-fib-taskdep-yes.c:27 and micro-benchmarks/DRB177-fib-taskdep-yes.c:26 were declared independent while accessing the same memory address
==27076== [[1;31mERROR[0m]     4 bytes from 0x1FFEFFE3D0 (stack access)
==27076== [[1;31mERROR[0m] Segments micro-benchmarks/DRB177-fib-taskdep-yes.c:27 and micro-benchmarks/DRB177-fib-taskdep-yes.c:28 were declared independent while accessing the same memory address
==27076== [[1;31mERROR[0m]     4 bytes from 0x1FFEFFE3D0 (stack access)
==27076== [[1;31mERROR[0m] Segments micro-benchmarks/DRB177-fib-taskdep-yes.c:27 and micro-benchmarks/DRB177-fib-taskdep-yes.c:26 were declared independent while accessing the same memory address
==27076== [[1;31mERROR[0m]     4 bytes from 0x1FFEFFE3D0 (stack access)
==27076== [[1;31mERROR[0m] Segments micro-benchmarks/DRB177-fib-taskdep-yes.c:27 and micro-benchmarks/DRB177-fib-taskdep-yes.c:28 were declared independent while accessing the same memory address
==27076== [[1;31mERROR[0m]     4 bytes from 0x1FFEFFE3D0 (stack access)
==27076== [[1;31mERROR[0m] Segments micro-benchmarks/DRB177-fib-taskdep-yes.c:27 and micro-benchmarks/DRB177-fib-taskdep-yes.c:26 were declared independent while accessing the same memory address
==27076== [[1;31mERROR[0m]     4 bytes from 0x1FFEFFE3D0 (stack access)
==27076== [[1;31mERROR[0m] Segments micro-benchmarks/DRB177-fib-taskdep-yes.c:27 and micro-benchmarks/DRB177-fib-taskdep-yes.c:28 were declared independent while accessing the same memory address
==27076== [[1;31mERROR[0m]     4 bytes from 0x1FFEFFE3D0 (stack access)
==27076== [[1;31mERROR[0m] Segments micro-benchmarks/DRB177-fib-taskdep-yes.c:27 and micro-benchmarks/DRB177-fib-taskdep-yes.c:27 were declared independent while accessing the same memory address
==27076== [[1;31mERROR[0m]     4 bytes from 0x1FFEFFE3D0 (stack access)
==27076== [[1;31mERROR[0m] Segments micro-benchmarks/DRB177-fib-taskdep-yes.c:27 and micro-benchmarks/DRB177-fib-taskdep-yes.c:28 were declared independent while accessing the same memory address
==27076== [[1;31mERROR[0m]     4 bytes from 0x1FFEFFE3D0 (stack access)
==27076== [[1;31mERROR[0m] Segments micro-benchmarks/DRB177-fib-taskdep-yes.c:27 and micro-benchmarks/DRB177-fib-taskdep-yes.c:26 were declared independent while accessing the same memory address
==27076== [[1;31mERROR[0m]     4 bytes from 0x1FFEFFE3D0 (stack access)
==27076== [[1;31mERROR[0m] Segments micro-benchmarks/DRB177-fib-taskdep-yes.c:27 and micro-benchmarks/DRB177-fib-taskdep-yes.c:28 were declared independent while accessing the same memory address
==27076== [[1;31mERROR[0m]     4 bytes from 0x1FFEFFE3D0 (stack access)
==27076== [[1;31mERROR[0m] Segments micro-benchmarks/DRB177-fib-taskdep-yes.c:27 and micro-benchmarks/DRB177-fib-taskdep-yes.c:26 were declared independent while accessing the same memory address
==27076== [[1;31mERROR[0m]     4 bytes from 0x1FFEFFE3D0 (stack access)
==27076== [[1;31mERROR[0m] Segments micro-benchmarks/DRB177-fib-taskdep-yes.c:27 and micro-benchmarks/DRB177-fib-taskdep-yes.c:28 were declared independent while accessing the same memory address
==27076== [[1;31mERROR[0m]     4 bytes from 0x1FFEFFE3D0 (stack access)
==27076== [[1;31mERROR[0m] Segments micro-benchmarks/DRB177-fib-taskdep-yes.c:27 and micro-benchmarks/DRB177-fib-taskdep-yes.c:26 were declared independent while accessing the same memory address
==27076== [[1;31mERROR[0m]     4 bytes from 0x1FFEFFE3D0 (stack access)
==27076== [[1;31mERROR[0m] Segments micro-benchmarks/DRB177-fib-taskdep-yes.c:27 and micro-benchmarks/DRB177-fib-taskdep-yes.c:28 were declared independent while accessing the same memory address
==27076== [[1;31mERROR[0m]     4 bytes from 0x1FFEFFE3D0 (stack access)
==27076== [[1;31mERROR[0m] Segments micro-benchmarks/DRB177-fib-taskdep-yes.c:27 and micro-benchmarks/DRB177-fib-taskdep-yes.c:26 were declared independent while accessing the same memory address
==27076== [[1;31mERROR[0m]     4 bytes from 0x1FFEFFE3D0 (stack access)
==27076== [[1;31mERROR[0m] Segments micro-benchmarks/DRB177-fib-taskdep-yes.c:27 and micro-benchmarks/DRB177-fib-taskdep-yes.c:28 were declared independent while accessing the same memory address
==27076== [[1;31mERROR[0m]     4 bytes from 0x1FFEFFE3D0 (stack access)
==27076== [[1;31mERROR[0m] Segments micro-benchmarks/DRB177-fib-taskdep-yes.c:27 and micro-benchmarks/DRB177-fib-taskdep-yes.c:26 were declared independent while accessing the same memory address
==27076== [[1;31mERROR[0m]     4 bytes from 0x1FFEFFE3D0 (stack access)
==27076== [[1;31mERROR[0m] Segments micro-benchmarks/DRB177-fib-taskdep-yes.c:27 and micro-benchmarks/DRB177-fib-taskdep-yes.c:28 were declared independent while accessing the same memory address
==27076== [[1;31mERROR[0m]     4 bytes from 0x1FFEFFE3D0 (stack access)
==27076== [[1;31mERROR[0m] Segments micro-benchmarks/DRB177-fib-taskdep-yes.c:27 and micro-benchmarks/DRB177-fib-taskdep-yes.c:26 were declared independent while accessing the same memory address
==27076== [[1;31mERROR[0m]     4 bytes from 0x1FFEFFE3D0 (stack access)
==27076== [[1;31mERROR[0m] Segments micro-benchmarks/DRB177-fib-taskdep-yes.c:27 and micro-benchmarks/DRB177-fib-taskdep-yes.c:28 were declared independent while accessing the same memory address
==27076== [[1;31mERROR[0m]     4 bytes from 0x1FFEFFE3D0 (stack access)
==27076== [[1;31mERROR[0m] Segments micro-benchmarks/DRB177-fib-taskdep-yes.c:27 and micro-benchmarks/DRB177-fib-taskdep-yes.c:26 were declared independent while accessing the same memory address
==27076== [[1;31mERROR[0m]     4 bytes from 0x1FFEFFE3D0 (stack access)
==27076== [[1;31mERROR[0m] Segments micro-benchmarks/DRB177-fib-taskdep-yes.c:27 and micro-benchmarks/DRB177-fib-taskdep-yes.c:28 were declared independent while accessing the same memory address
==27076== [[1;31mERROR[0m]     4 bytes from 0x1FFEFFE3D0 (stack access)
==27076== [[1;31mERROR[0m] Segments micro-benchmarks/DRB177-fib-taskdep-yes.c:27 and micro-benchmarks/DRB177-fib-taskdep-yes.c:26 were declared independent while accessing the same memory address
==27076== [[1;31mERROR[0m]     4 bytes from 0x1FFEFFE3D0 (stack access)
==27076== [[1;31mERROR[0m] Segments micro-benchmarks/DRB177-fib-taskdep-yes.c:27 and micro-benchmarks/DRB177-fib-taskdep-yes.c:28 were declared independent while accessing the same memory address
==27076== [[1;31mERROR[0m]     4 bytes from 0x1FFEFFE3D0 (stack access)
==27076== [[1;31mERROR[0m] Segments micro-benchmarks/DRB177-fib-taskdep-yes.c:27 and micro-benchmarks/DRB177-fib-taskdep-yes.c:26 were declared independent while accessing the same memory address
==27076== [[1;31mERROR[0m]     4 bytes from 0x1FFEFFE3D0 (stack access)
==27076== [[1;31mERROR[0m] Segments micro-benchmarks/DRB177-fib-taskdep-yes.c:27 and micro-benchmarks/DRB177-fib-taskdep-yes.c:28 were declared independent while accessing the same memory address
==27076== [[1;31mERROR[0m]     4 bytes from 0x1FFEFFE3D0 (stack access)
==27076== [[1;31mERROR[0m] Segments micro-benchmarks/DRB177-fib-taskdep-yes.c:27 and micro-benchmarks/DRB177-fib-taskdep-yes.c:26 were declared independent while accessing the same memory address
==27076== [[1;31mERROR[0m]     4 bytes from 0x1FFEFFE3D0 (stack access)
==27076== [[1;31mERROR[0m] Segments micro-benchmarks/DRB177-fib-taskdep-yes.c:27 and micro-benchmarks/DRB177-fib-taskdep-yes.c:28 were declared independent while accessing the same memory address
==27076== [[1;31mERROR[0m]     4 bytes from 0x1FFEFFE3D0 (stack access)
==27076== [[1;31mERROR[0m] Segments micro-benchmarks/DRB177-fib-taskdep-yes.c:28 and micro-benchmarks/DRB177-fib-taskdep-yes.c:25 were declared independent while accessing the same memory address
==27076== [[1;31mERROR[0m]     4 bytes from 0x1FFEFFE3D4 (stack access)
==27076== [[1;31mERROR[0m] Segments micro-benchmarks/DRB177-fib-taskdep-yes.c:28 and micro-benchmarks/DRB177-fib-taskdep-yes.c:27 were declared independent while accessing the same memory address
==27076== [[1;31mERROR[0m]     4 bytes from 0x1FFEFFE3D0 (stack access)
==27076== [[1;31mERROR[0m] Segments micro-benchmarks/DRB177-fib-taskdep-yes.c:28 and micro-benchmarks/DRB177-fib-taskdep-yes.c:25 were declared independent while accessing the same memory address
==27076== [[1;31mERROR[0m]     4 bytes from 0x1FFEFFE3D4 (stack access)
==27076== [[1;31mERROR[0m] Segments micro-benchmarks/DRB177-fib-taskdep-yes.c:28 and micro-benchmarks/DRB177-fib-taskdep-yes.c:27 were declared independent while accessing the same memory address
==27076== [[1;31mERROR[0m]     4 bytes from 0x1FFEFFE3D0 (stack access)
==27076== [[1;31mERROR[0m] Segments micro-benchmarks/DRB177-fib-taskdep-yes.c:28 and micro-benchmarks/DRB177-fib-taskdep-yes.c:25 were declared independent while accessing the same memory address
==27076== [[1;31mERROR[0m]     4 bytes from 0x1FFEFFE3D4 (stack access)
==27076== [[1;31mERROR[0m] Segments micro-benchmarks/DRB177-fib-taskdep-yes.c:28 and micro-benchmarks/DRB177-fib-taskdep-yes.c:26 were declared independent while accessing the same memory address
==27076== [[1;31mERROR[0m]     4 bytes from 0x1FFEFFE3D0 (stack access)
==27076== [[1;31mERROR[0m] Segments micro-benchmarks/DRB177-fib-taskdep-yes.c:28 and micro-benchmarks/DRB177-fib-taskdep-yes.c:25 were declared independent while accessing the same memory address
==27076== [[1;31mERROR[0m]     4 bytes from 0x1FFEFFE3D4 (stack access)
==27076== [[1;31mERROR[0m] Segments micro-benchmarks/DRB177-fib-taskdep-yes.c:28 and micro-benchmarks/DRB177-fib-taskdep-yes.c:27 were declared independent while accessing the same memory address
==27076== [[1;31mERROR[0m]     4 bytes from 0x1FFEFFE3D0 (stack access)
==27076== [[1;31mERROR[0m] Segments micro-benchmarks/DRB177-fib-taskdep-yes.c:28 and micro-benchmarks/DRB177-fib-taskdep-yes.c:25 were declared independent while accessing the same memory address
==27076== [[1;31mERROR[0m]     4 bytes from 0x1FFEFFE3D4 (stack access)
==27076== [[1;31mERROR[0m] Segments micro-benchmarks/DRB177-fib-taskdep-yes.c:28 and micro-benchmarks/DRB177-fib-taskdep-yes.c:26 were declared independent while accessing the same memory address
==27076== [[1;31mERROR[0m]     4 bytes from 0x1FFEFFE3D0 (stack access)
==27076== [[1;31mERROR[0m] Segments micro-benchmarks/DRB177-fib-taskdep-yes.c:28 and micro-benchmarks/DRB177-fib-taskdep-yes.c:25 were declared independent while accessing the same memory address
==27076== [[1;31mERROR[0m]     4 bytes from 0x1FFEFFE3D4 (stack access)
==27076== [[1;31mERROR[0m] Segments micro-benchmarks/DRB177-fib-taskdep-yes.c:28 and micro-benchmarks/DRB177-fib-taskdep-yes.c:26 were declared independent while accessing the same memory address
==27076== [[1;31mERROR[0m]     4 bytes from 0x1FFEFFE3D0 (stack access)
==27076== [[1;31mERROR[0m] Segments micro-benchmarks/DRB177-fib-taskdep-yes.c:28 and micro-benchmarks/DRB177-fib-taskdep-yes.c:24 were declared independent while accessing the same memory address
==27076== [[1;31mERROR[0m]     4 bytes from 0x1FFEFFE3D4 (stack access)
==27076== [[1;31mERROR[0m] Segments micro-benchmarks/DRB177-fib-taskdep-yes.c:28 and micro-benchmarks/DRB177-fib-taskdep-yes.c:26 were declared independent while accessing the same memory address
==27076== [[1;31mERROR[0m]     4 bytes from 0x1FFEFFE3D0 (stack access)
==27076== [[1;31mERROR[0m] Segments micro-benchmarks/DRB177-fib-taskdep-yes.c:28 and micro-benchmarks/DRB177-fib-taskdep-yes.c:25 were declared independent while accessing the same memory address
==27076== [[1;31mERROR[0m]     4 bytes from 0x1FFEFFE3D4 (stack access)
==27076== [[1;31mERROR[0m] Segments micro-benchmarks/DRB177-fib-taskdep-yes.c:28 and micro-benchmarks/DRB177-fib-taskdep-yes.c:27 were declared independent while accessing the same memory address
==27076== [[1;31mERROR[0m]     4 bytes from 0x1FFEFFE3D0 (stack access)
==27076== [[1;31mERROR[0m] Segments micro-benchmarks/DRB177-fib-taskdep-yes.c:28 and micro-benchmarks/DRB177-fib-taskdep-yes.c:25 were declared independent while accessing the same memory address
==27076== [[1;31mERROR[0m]     4 bytes from 0x1FFEFFE3D4 (stack access)
==27076== [[1;31mERROR[0m] Segments micro-benchmarks/DRB177-fib-taskdep-yes.c:28 and micro-benchmarks/DRB177-fib-taskdep-yes.c:26 were declared independent while accessing the same memory address
==27076== [[1;31mERROR[0m]     4 bytes from 0x1FFEFFE3D0 (stack access)
==27076== [[1;31mERROR[0m] Segments micro-benchmarks/DRB177-fib-taskdep-yes.c:28 and micro-benchmarks/DRB177-fib-taskdep-yes.c:25 were declared independent while accessing the same memory address
==27076== [[1;31mERROR[0m]     4 bytes from 0x1FFEFFE3D4 (stack access)
==27076== [[1;31mERROR[0m] Segments micro-benchmarks/DRB177-fib-taskdep-yes.c:28 and micro-benchmarks/DRB177-fib-taskdep-yes.c:26 were declared independent while accessing the same memory address
==27076== [[1;31mERROR[0m]     4 bytes from 0x1FFEFFE3D0 (stack access)
==27076== [[1;31mERROR[0m] Segments micro-benchmarks/DRB177-fib-taskdep-yes.c:28 and micro-benchmarks/DRB177-fib-taskdep-yes.c:24 were declared independent while accessing the same memory address
==27076== [[1;31mERROR[0m]     4 bytes from 0x1FFEFFE3D4 (stack access)
==27076== [[1;31mERROR[0m] Segments micro-benchmarks/DRB177-fib-taskdep-yes.c:28 and micro-benchmarks/DRB177-fib-taskdep-yes.c:26 were declared independent while accessing the same memory address
==27076== [[1;31mERROR[0m]     4 bytes from 0x1FFEFFE3D0 (stack access)
==27076== [[1;31mERROR[0m] Segments micro-benchmarks/DRB177-fib-taskdep-yes.c:28 and micro-benchmarks/DRB177-fib-taskdep-yes.c:25 were declared independent while accessing the same memory address
==27076== [[1;31mERROR[0m]     4 bytes from 0x1FFEFFE3D4 (stack access)
==27076== [[1;31mERROR[0m] Segments micro-benchmarks/DRB177-fib-taskdep-yes.c:28 and micro-benchmarks/DRB177-fib-taskdep-yes.c:26 were declared independent while accessing the same memory address
==27076== [[1;31mERROR[0m]     4 bytes from 0x1FFEFFE3D0 (stack access)
==27076== [[1;31mERROR[0m] Segments micro-benchmarks/DRB177-fib-taskdep-yes.c:28 and micro-benchmarks/DRB177-fib-taskdep-yes.c:24 were declared independent while accessing the same memory address
==27076== [[1;31mERROR[0m]     4 bytes from 0x1FFEFFE3D4 (stack access)
==27076== [[1;31mERROR[0m] Segments micro-benchmarks/DRB177-fib-taskdep-yes.c:28 and micro-benchmarks/DRB177-fib-taskdep-yes.c:26 were declared independent while accessing the same memory address
==27076== [[1;31mERROR[0m]     4 bytes from 0x1FFEFFE3D0 (stack access)
==27076== [[1;31mERROR[0m] Segments micro-benchmarks/DRB177-fib-taskdep-yes.c:28 and micro-benchmarks/DRB177-fib-taskdep-yes.c:24 were declared independent while accessing the same memory address
==27076== [[1;31mERROR[0m]     4 bytes from 0x1FFEFFE3D4 (stack access)
==27076== [[1;31mERROR[0m] Segments micro-benchmarks/DRB177-fib-taskdep-yes.c:28 and micro-benchmarks/DRB177-fib-taskdep-yes.c:26 were declared independent while accessing the same memory address
==27076== [[1;31mERROR[0m]     4 bytes from 0x1FFEFFE3D0 (stack access)
==27076== [[1;31mERROR[0m] Segments micro-benchmarks/DRB177-fib-taskdep-yes.c:28 and micro-benchmarks/DRB177-fib-taskdep-yes.c:25 were declared independent while accessing the same memory address
==27076== [[1;31mERROR[0m]     4 bytes from 0x1FFEFFE3D4 (stack access)
==27076== [[1;31mERROR[0m] Segments micro-benchmarks/DRB177-fib-taskdep-yes.c:28 and micro-benchmarks/DRB177-fib-taskdep-yes.c:27 were declared independent while accessing the same memory address
==27076== [[1;31mERROR[0m]     4 bytes from 0x1FFEFFE3D0 (stack access)
==27076== [[1;31mERROR[0m] Segments micro-benchmarks/DRB177-fib-taskdep-yes.c:28 and micro-benchmarks/DRB177-fib-taskdep-yes.c:25 were declared independent while accessing the same memory address
==27076== [[1;31mERROR[0m]     4 bytes from 0x1FFEFFE3D4 (stack access)
==27076== [[1;31mERROR[0m] Segments micro-benchmarks/DRB177-fib-taskdep-yes.c:28 and micro-benchmarks/DRB177-fib-taskdep-yes.c:26 were declared independent while accessing the same memory address
==27076== [[1;31mERROR[0m]     4 bytes from 0x1FFEFFE3D0 (stack access)
==27076== [[1;31mERROR[0m] Segments micro-benchmarks/DRB177-fib-taskdep-yes.c:28 and micro-benchmarks/DRB177-fib-taskdep-yes.c:25 were declared independent while accessing the same memory address
==27076== [[1;31mERROR[0m]     4 bytes from 0x1FFEFFE3D4 (stack access)
==27076== [[1;31mERROR[0m] Segments micro-benchmarks/DRB177-fib-taskdep-yes.c:28 and micro-benchmarks/DRB177-fib-taskdep-yes.c:26 were declared independent while accessing the same memory address
==27076== [[1;31mERROR[0m]     4 bytes from 0x1FFEFFE3D0 (stack access)
==27076== [[1;31mERROR[0m] Segments micro-benchmarks/DRB177-fib-taskdep-yes.c:28 and micro-benchmarks/DRB177-fib-taskdep-yes.c:24 were declared independent while accessing the same memory address
==27076== [[1;31mERROR[0m]     4 bytes from 0x1FFEFFE3D4 (stack access)
==27076== [[1;31mERROR[0m] Segments micro-benchmarks/DRB177-fib-taskdep-yes.c:28 and micro-benchmarks/DRB177-fib-taskdep-yes.c:26 were declared independent while accessing the same memory address
==27076== [[1;31mERROR[0m]     4 bytes from 0x1FFEFFE3D0 (stack access)
==27076== [[1;31mERROR[0m] Segments micro-benchmarks/DRB177-fib-taskdep-yes.c:28 and micro-benchmarks/DRB177-fib-taskdep-yes.c:25 were declared independent while accessing the same memory address
==27076== [[1;31mERROR[0m]     4 bytes from 0x1FFEFFE3D4 (stack access)
==27076== [[1;31mERROR[0m] Segments micro-benchmarks/DRB177-fib-taskdep-yes.c:28 and micro-benchmarks/DRB177-fib-taskdep-yes.c:26 were declared independent while accessing the same memory address
==27076== [[1;31mERROR[0m]     4 bytes from 0x1FFEFFE3D0 (stack access)
==27076== [[1;31mERROR[0m] Segments micro-benchmarks/DRB177-fib-taskdep-yes.c:28 and micro-benchmarks/DRB177-fib-taskdep-yes.c:24 were declared independent while accessing the same memory address
==27076== [[1;31mERROR[0m]     4 bytes from 0x1FFEFFE3D4 (stack access)
==27076== [[1;31mERROR[0m] Segments micro-benchmarks/DRB177-fib-taskdep-yes.c:28 and micro-benchmarks/DRB177-fib-taskdep-yes.c:26 were declared independent while accessing the same memory address
==27076== [[1;31mERROR[0m]     4 bytes from 0x1FFEFFE3D0 (stack access)
==27076== [[1;31mERROR[0m] Segments micro-benchmarks/DRB177-fib-taskdep-yes.c:28 and micro-benchmarks/DRB177-fib-taskdep-yes.c:24 were declared independent while accessing the same memory address
==27076== [[1;31mERROR[0m]     4 bytes from 0x1FFEFFE3D4 (stack access)
==27076== [[1;31mERROR[0m] Segments micro-benchmarks/DRB177-fib-taskdep-yes.c:28 and micro-benchmarks/DRB177-fib-taskdep-yes.c:26 were declared independent while accessing the same memory address
==27076== [[1;31mERROR[0m]     4 bytes from 0x1FFEFFE3D0 (stack access)
==27076== [[1;31mERROR[0m] Segments micro-benchmarks/DRB177-fib-taskdep-yes.c:28 and micro-benchmarks/DRB177-fib-taskdep-yes.c:25 were declared independent while accessing the same memory address
==27076== [[1;31mERROR[0m]     4 bytes from 0x1FFEFFE3D4 (stack access)
==27076== [[1;31mERROR[0m] Segments micro-benchmarks/DRB177-fib-taskdep-yes.c:28 and micro-benchmarks/DRB177-fib-taskdep-yes.c:26 were declared independent while accessing the same memory address
==27076== [[1;31mERROR[0m]     4 bytes from 0x1FFEFFE3D0 (stack access)
==27076== [[1;31mERROR[0m] Segments micro-benchmarks/DRB177-fib-taskdep-yes.c:28 and micro-benchmarks/DRB177-fib-taskdep-yes.c:24 were declared independent while accessing the same memory address
==27076== [[1;31mERROR[0m]     4 bytes from 0x1FFEFFE3D4 (stack access)
==27076== [[1;31mERROR[0m] Segments micro-benchmarks/DRB177-fib-taskdep-yes.c:28 and micro-benchmarks/DRB177-fib-taskdep-yes.c:26 were declared independent while accessing the same memory address
==27076== [[1;31mERROR[0m]     4 bytes from 0x1FFEFFE3D0 (stack access)
==27076== [[1;31mERROR[0m] Segments micro-benchmarks/DRB177-fib-taskdep-yes.c:28 and micro-benchmarks/DRB177-fib-taskdep-yes.c:24 were declared independent while accessing the same memory address
==27076== [[1;31mERROR[0m]     4 bytes from 0x1FFEFFE3D4 (stack access)
==27076== [[1;31mERROR[0m] Segments micro-benchmarks/DRB177-fib-taskdep-yes.c:28 and micro-benchmarks/DRB177-fib-taskdep-yes.c:26 were declared independent while accessing the same memory address
==27076== [[1;31mERROR[0m]     4 bytes from 0x1FFEFFE3D0 (stack access)
==27076== [[1;31mERROR[0m] Segments micro-benchmarks/DRB177-fib-taskdep-yes.c:28 and micro-benchmarks/DRB177-fib-taskdep-yes.c:24 were declared independent while accessing the same memory address
==27076== [[1;31mERROR[0m]     4 bytes from 0x1FFEFFE3D4 (stack access)
==27076== [[1;31mERROR[0m] Segments micro-benchmarks/DRB177-fib-taskdep-yes.c:28 and micro-benchmarks/DRB177-fib-taskdep-yes.c:26 were declared independent while accessing the same memory address
==27076== [[1;31mERROR[0m]     4 bytes from 0x1FFEFFE3D0 (stack access)
==27076== [[1;31mERROR[0m] Segments micro-benchmarks/DRB177-fib-taskdep-yes.c:25 and micro-benchmarks/DRB177-fib-taskdep-yes.c:28 were declared independent while accessing the same memory address
==27076== [[1;31mERROR[0m]     4 bytes from 0x1FFEFFE684 (stack access)
==27076== [[1;31mERROR[0m] Segments micro-benchmarks/DRB177-fib-taskdep-yes.c:25 and micro-benchmarks/DRB177-fib-taskdep-yes.c:25 were declared independent while accessing the same memory address
==27076== [[1;31mERROR[0m]     4 bytes from 0x1FFEFFE684 (stack access)
==27076== [[1;31mERROR[0m] Segments micro-benchmarks/DRB177-fib-taskdep-yes.c:25 and micro-benchmarks/DRB177-fib-taskdep-yes.c:28 were declared independent while accessing the same memory address
==27076== [[1;31mERROR[0m]     4 bytes from 0x1FFEFFE684 (stack access)
==27076== [[1;31mERROR[0m] Segments micro-benchmarks/DRB177-fib-taskdep-yes.c:25 and micro-benchmarks/DRB177-fib-taskdep-yes.c:25 were declared independent while accessing the same memory address
==27076== [[1;31mERROR[0m]     4 bytes from 0x1FFEFFE684 (stack access)
==27076== [[1;31mERROR[0m] Segments micro-benchmarks/DRB177-fib-taskdep-yes.c:25 and micro-benchmarks/DRB177-fib-taskdep-yes.c:28 were declared independent while accessing the same memory address
==27076== [[1;31mERROR[0m]     4 bytes from 0x1FFEFFE684 (stack access)
==27076== [[1;31mERROR[0m] Segments micro-benchmarks/DRB177-fib-taskdep-yes.c:25 and micro-benchmarks/DRB177-fib-taskdep-yes.c:25 were declared independent while accessing the same memory address
==27076== [[1;31mERROR[0m]     4 bytes from 0x1FFEFFE684 (stack access)
==27076== [[1;31mERROR[0m] Segments micro-benchmarks/DRB177-fib-taskdep-yes.c:25 and micro-benchmarks/DRB177-fib-taskdep-yes.c:28 were declared independent while accessing the same memory address
==27076== [[1;31mERROR[0m]     4 bytes from 0x1FFEFFE684 (stack access)
==27076== [[1;31mERROR[0m] Segments micro-benchmarks/DRB177-fib-taskdep-yes.c:25 and micro-benchmarks/DRB177-fib-taskdep-yes.c:25 were declared independent while accessing the same memory address
==27076== [[1;31mERROR[0m]     4 bytes from 0x1FFEFFE684 (stack access)
==27076== [[1;31mERROR[0m] Segments micro-benchmarks/DRB177-fib-taskdep-yes.c:25 and micro-benchmarks/DRB177-fib-taskdep-yes.c:28 were declared independent while accessing the same memory address
==27076== [[1;31mERROR[0m]     4 bytes from 0x1FFEFFE684 (stack access)
==27076== [[1;31mERROR[0m] Segments micro-benchmarks/DRB177-fib-taskdep-yes.c:25 and micro-benchmarks/DRB177-fib-taskdep-yes.c:25 were declared independent while accessing the same memory address
==27076== [[1;31mERROR[0m]     4 bytes from 0x1FFEFFE684 (stack access)
==27076== [[1;31mERROR[0m] Segments micro-benchmarks/DRB177-fib-taskdep-yes.c:25 and micro-benchmarks/DRB177-fib-taskdep-yes.c:28 were declared independent while accessing the same memory address
==27076== [[1;31mERROR[0m]     4 bytes from 0x1FFEFFE684 (stack access)
==27076== [[1;31mERROR[0m] Segments micro-benchmarks/DRB177-fib-taskdep-yes.c:25 and micro-benchmarks/DRB177-fib-taskdep-yes.c:25 were declared independent while accessing the same memory address
==27076== [[1;31mERROR[0m]     4 bytes from 0x1FFEFFE684 (stack access)
==27076== [[1;31mERROR[0m] Segments micro-benchmarks/DRB177-fib-taskdep-yes.c:25 and micro-benchmarks/DRB177-fib-taskdep-yes.c:28 were declared independent while accessing the same memory address
==27076== [[1;31mERROR[0m]     4 bytes from 0x1FFEFFE684 (stack access)
==27076== [[1;31mERROR[0m] Segments micro-benchmarks/DRB177-fib-taskdep-yes.c:25 and micro-benchmarks/DRB177-fib-taskdep-yes.c:25 were declared independent while accessing the same memory address
==27076== [[1;31mERROR[0m]     4 bytes from 0x1FFEFFE684 (stack access)
==27076== [[1;31mERROR[0m] Segments micro-benchmarks/DRB177-fib-taskdep-yes.c:25 and micro-benchmarks/DRB177-fib-taskdep-yes.c:28 were declared independent while accessing the same memory address
==27076== [[1;31mERROR[0m]     4 bytes from 0x1FFEFFE684 (stack access)
==27076== [[1;31mERROR[0m] Segments micro-benchmarks/DRB177-fib-taskdep-yes.c:25 and micro-benchmarks/DRB177-fib-taskdep-yes.c:25 were declared independent while accessing the same memory address
==27076== [[1;31mERROR[0m]     4 bytes from 0x1FFEFFE684 (stack access)
==27076== [[1;31mERROR[0m] Segments micro-benchmarks/DRB177-fib-taskdep-yes.c:25 and micro-benchmarks/DRB177-fib-taskdep-yes.c:28 were declared independent while accessing the same memory address
==27076== [[1;31mERROR[0m]     4 bytes from 0x1FFEFFE684 (stack access)
==27076== [[1;31mERROR[0m] Segments micro-benchmarks/DRB177-fib-taskdep-yes.c:25 and micro-benchmarks/DRB177-fib-taskdep-yes.c:25 were declared independent while accessing the same memory address
==27076== [[1;31mERROR[0m]     4 bytes from 0x1FFEFFE684 (stack access)
==27076== [[1;31mERROR[0m] Segments micro-benchmarks/DRB177-fib-taskdep-yes.c:25 and micro-benchmarks/DRB177-fib-taskdep-yes.c:28 were declared independent while accessing the same memory address
==27076== [[1;31mERROR[0m]     4 bytes from 0x1FFEFFE684 (stack access)
==27076== [[1;31mERROR[0m] Segments micro-benchmarks/DRB177-fib-taskdep-yes.c:25 and micro-benchmarks/DRB177-fib-taskdep-yes.c:25 were declared independent while accessing the same memory address
==27076== [[1;31mERROR[0m]     4 bytes from 0x1FFEFFE684 (stack access)
==27076== [[1;31mERROR[0m] Segments micro-benchmarks/DRB177-fib-taskdep-yes.c:25 and micro-benchmarks/DRB177-fib-taskdep-yes.c:28 were declared independent while accessing the same memory address
==27076== [[1;31mERROR[0m]     4 bytes from 0x1FFEFFE684 (stack access)
==27076== [[1;31mERROR[0m] Segments micro-benchmarks/DRB177-fib-taskdep-yes.c:25 and micro-benchmarks/DRB177-fib-taskdep-yes.c:25 were declared independent while accessing the same memory address
==27076== [[1;31mERROR[0m]     4 bytes from 0x1FFEFFE684 (stack access)
==27076== [[1;31mERROR[0m] Segments micro-benchmarks/DRB177-fib-taskdep-yes.c:25 and micro-benchmarks/DRB177-fib-taskdep-yes.c:28 were declared independent while accessing the same memory address
==27076== [[1;31mERROR[0m]     4 bytes from 0x1FFEFFE684 (stack access)
==27076== [[1;31mERROR[0m] Segments micro-benchmarks/DRB177-fib-taskdep-yes.c:25 and micro-benchmarks/DRB177-fib-taskdep-yes.c:25 were declared independent while accessing the same memory address
==27076== [[1;31mERROR[0m]     4 bytes from 0x1FFEFFE684 (stack access)
==27076== [[1;31mERROR[0m] Segments micro-benchmarks/DRB177-fib-taskdep-yes.c:25 and micro-benchmarks/DRB177-fib-taskdep-yes.c:28 were declared independent while accessing the same memory address
==27076== [[1;31mERROR[0m]     4 bytes from 0x1FFEFFE684 (stack access)
==27076== [[1;31mERROR[0m] Segments micro-benchmarks/DRB177-fib-taskdep-yes.c:25 and micro-benchmarks/DRB177-fib-taskdep-yes.c:25 were declared independent while accessing the same memory address
==27076== [[1;31mERROR[0m]     4 bytes from 0x1FFEFFE684 (stack access)
==27076== [[1;31mERROR[0m] Segments micro-benchmarks/DRB177-fib-taskdep-yes.c:25 and micro-benchmarks/DRB177-fib-taskdep-yes.c:28 were declared independent while accessing the same memory address
==27076== [[1;31mERROR[0m]     4 bytes from 0x1FFEFFE684 (stack access)
==27076== [[1;31mERROR[0m] Segments micro-benchmarks/DRB177-fib-taskdep-yes.c:25 and micro-benchmarks/DRB177-fib-taskdep-yes.c:25 were declared independent while accessing the same memory address
==27076== [[1;31mERROR[0m]     4 bytes from 0x1FFEFFE684 (stack access)
==27076== [[1;31mERROR[0m] Segments micro-benchmarks/DRB177-fib-taskdep-yes.c:25 and micro-benchmarks/DRB177-fib-taskdep-yes.c:28 were declared independent while accessing the same memory address
==27076== [[1;31mERROR[0m]     4 bytes from 0x1FFEFFE684 (stack access)
==27076== [[1;31mERROR[0m] Segments micro-benchmarks/DRB177-fib-taskdep-yes.c:25 and micro-benchmarks/DRB177-fib-taskdep-yes.c:24 were declared independent while accessing the same memory address
==27076== [[1;31mERROR[0m]     4 bytes from 0x1FFEFFE684 (stack access)
==27076== [[1;31mERROR[0m] Segments micro-benchmarks/DRB177-fib-taskdep-yes.c:25 and micro-benchmarks/DRB177-fib-taskdep-yes.c:28 were declared independent while accessing the same memory address
==27076== [[1;31mERROR[0m]     4 bytes from 0x1FFEFFE684 (stack access)
==27076== [[1;32mINFO[0m] 19% comparisons performed
==27076== [[1;31mERROR[0m] Segments micro-benchmarks/DRB177-fib-taskdep-yes.c:24 and micro-benchmarks/DRB177-fib-taskdep-yes.c:28 were declared independent while accessing the same memory address
==27076== [[1;31mERROR[0m]     4 bytes from 0x1FFEFFDE74 (stack access)
==27076== [[1;31mERROR[0m] Segments micro-benchmarks/DRB177-fib-taskdep-yes.c:24 and micro-benchmarks/DRB177-fib-taskdep-yes.c:24 were declared independent while accessing the same memory address
==27076== [[1;31mERROR[0m] Segments micro-benchmarks/DRB177-fib-taskdep-yes.c:24 and micro-benchmarks/DRB177-fib-taskdep-yes.c:28 were declared independent while accessing the same memory address
==27076== [[1;31mERROR[0m]     4 bytes from 0x1FFEFFDE74 (stack access)
==27076== [[1;31mERROR[0m] Segments micro-benchmarks/DRB177-fib-taskdep-yes.c:24 and micro-benchmarks/DRB177-fib-taskdep-yes.c:24 were declared independent while accessing the same memory address
==27076== [[1;31mERROR[0m] Segments micro-benchmarks/DRB177-fib-taskdep-yes.c:24 and micro-benchmarks/DRB177-fib-taskdep-yes.c:28 were declared independent while accessing the same memory address
==27076== [[1;31mERROR[0m]     4 bytes from 0x1FFEFFDE74 (stack access)
==27076== [[1;31mERROR[0m] Segments micro-benchmarks/DRB177-fib-taskdep-yes.c:24 and micro-benchmarks/DRB177-fib-taskdep-yes.c:24 were declared independent while accessing the same memory address
==27076== [[1;31mERROR[0m] Segments micro-benchmarks/DRB177-fib-taskdep-yes.c:24 and micro-benchmarks/DRB177-fib-taskdep-yes.c:28 were declared independent while accessing the same memory address
==27076== [[1;31mERROR[0m]     4 bytes from 0x1FFEFFDE74 (stack access)
==27076== [[1;31mERROR[0m] Segments micro-benchmarks/DRB177-fib-taskdep-yes.c:24 and micro-benchmarks/DRB177-fib-taskdep-yes.c:24 were declared independent while accessing the same memory address
==27076== [[1;31mERROR[0m] Segments micro-benchmarks/DRB177-fib-taskdep-yes.c:24 and micro-benchmarks/DRB177-fib-taskdep-yes.c:28 were declared independent while accessing the same memory address
==27076== [[1;31mERROR[0m]     4 bytes from 0x1FFEFFDE74 (stack access)
==27076== [[1;31mERROR[0m] Segments micro-benchmarks/DRB177-fib-taskdep-yes.c:26 and micro-benchmarks/DRB177-fib-taskdep-yes.c:26 were declared independent while accessing the same memory address
==27076== [[1;31mERROR[0m] Segments micro-benchmarks/DRB177-fib-taskdep-yes.c:26 and micro-benchmarks/DRB177-fib-taskdep-yes.c:28 were declared independent while accessing the same memory address
==27076== [[1;31mERROR[0m]     4 bytes from 0x1FFEFFDE70 (stack access)
==27076== [[1;31mERROR[0m] Segments micro-benchmarks/DRB177-fib-taskdep-yes.c:26 and micro-benchmarks/DRB177-fib-taskdep-yes.c:26 were declared independent while accessing the same memory address
==27076== [[1;31mERROR[0m] Segments micro-benchmarks/DRB177-fib-taskdep-yes.c:26 and micro-benchmarks/DRB177-fib-taskdep-yes.c:28 were declared independent while accessing the same memory address
==27076== [[1;31mERROR[0m]     4 bytes from 0x1FFEFFDE70 (stack access)
==27076== [[1;31mERROR[0m] Segments micro-benchmarks/DRB177-fib-taskdep-yes.c:26 and micro-benchmarks/DRB177-fib-taskdep-yes.c:26 were declared independent while accessing the same memory address
==27076== [[1;31mERROR[0m] Segments micro-benchmarks/DRB177-fib-taskdep-yes.c:26 and micro-benchmarks/DRB177-fib-taskdep-yes.c:28 were declared independent while accessing the same memory address
==27076== [[1;31mERROR[0m]     4 bytes from 0x1FFEFFDE70 (stack access)
==27076== [[1;31mERROR[0m] Segments micro-benchmarks/DRB177-fib-taskdep-yes.c:26 and micro-benchmarks/DRB177-fib-taskdep-yes.c:26 were declared independent while accessing the same memory address
==27076== [[1;31mERROR[0m] Segments micro-benchmarks/DRB177-fib-taskdep-yes.c:26 and micro-benchmarks/DRB177-fib-taskdep-yes.c:28 were declared independent while accessing the same memory address
==27076== [[1;31mERROR[0m]     4 bytes from 0x1FFEFFDE70 (stack access)
==27076== [[1;31mERROR[0m] Segments micro-benchmarks/DRB177-fib-taskdep-yes.c:28 and micro-benchmarks/DRB177-fib-taskdep-yes.c:24 were declared independent while accessing the same memory address
==27076== [[1;31mERROR[0m]     4 bytes from 0x1FFEFFDE74 (stack access)
==27076== [[1;31mERROR[0m] Segments micro-benchmarks/DRB177-fib-taskdep-yes.c:28 and micro-benchmarks/DRB177-fib-taskdep-yes.c:26 were declared independent while accessing the same memory address
==27076== [[1;31mERROR[0m]     4 bytes from 0x1FFEFFDE70 (stack access)
==27076== [[1;31mERROR[0m] Segments micro-benchmarks/DRB177-fib-taskdep-yes.c:28 and micro-benchmarks/DRB177-fib-taskdep-yes.c:24 were declared independent while accessing the same memory address
==27076== [[1;31mERROR[0m]     4 bytes from 0x1FFEFFDE74 (stack access)
==27076== [[1;31mERROR[0m] Segments micro-benchmarks/DRB177-fib-taskdep-yes.c:28 and micro-benchmarks/DRB177-fib-taskdep-yes.c:26 were declared independent while accessing the same memory address
==27076== [[1;31mERROR[0m]     4 bytes from 0x1FFEFFDE70 (stack access)
==27076== [[1;31mERROR[0m] Segments micro-benchmarks/DRB177-fib-taskdep-yes.c:28 and micro-benchmarks/DRB177-fib-taskdep-yes.c:24 were declared independent while accessing the same memory address
==27076== [[1;31mERROR[0m]     4 bytes from 0x1FFEFFDE74 (stack access)
==27076== [[1;31mERROR[0m] Segments micro-benchmarks/DRB177-fib-taskdep-yes.c:28 and micro-benchmarks/DRB177-fib-taskdep-yes.c:26 were declared independent while accessing the same memory address
==27076== [[1;31mERROR[0m]     4 bytes from 0x1FFEFFDE70 (stack access)
==27076== [[1;31mERROR[0m] Segments micro-benchmarks/DRB177-fib-taskdep-yes.c:28 and micro-benchmarks/DRB177-fib-taskdep-yes.c:24 were declared independent while accessing the same memory address
==27076== [[1;31mERROR[0m]     4 bytes from 0x1FFEFFDE74 (stack access)
==27076== [[1;31mERROR[0m] Segments micro-benchmarks/DRB177-fib-taskdep-yes.c:28 and micro-benchmarks/DRB177-fib-taskdep-yes.c:26 were declared independent while accessing the same memory address
==27076== [[1;31mERROR[0m]     4 bytes from 0x1FFEFFDE70 (stack access)
==27076== [[1;31mERROR[0m] Segments micro-benchmarks/DRB177-fib-taskdep-yes.c:25 and micro-benchmarks/DRB177-fib-taskdep-yes.c:28 were declared independent while accessing the same memory address
==27076== [[1;31mERROR[0m]     4 bytes from 0x1FFEFFE124 (stack access)
==27076== [[1;31mERROR[0m] Segments micro-benchmarks/DRB177-fib-taskdep-yes.c:25 and micro-benchmarks/DRB177-fib-taskdep-yes.c:24 were declared independent while accessing the same memory address
==27076== [[1;31mERROR[0m]     4 bytes from 0x1FFEFFE124 (stack access)
==27076== [[1;31mERROR[0m] Segments micro-benchmarks/DRB177-fib-taskdep-yes.c:25 and micro-benchmarks/DRB177-fib-taskdep-yes.c:28 were declared independent while accessing the same memory address
==27076== [[1;31mERROR[0m]     4 bytes from 0x1FFEFFE124 (stack access)
==27076== [[1;31mERROR[0m] Segments micro-benchmarks/DRB177-fib-taskdep-yes.c:25 and micro-benchmarks/DRB177-fib-taskdep-yes.c:25 were declared independent while accessing the same memory address
==27076== [[1;31mERROR[0m]     4 bytes from 0x1FFEFFE124 (stack access)
==27076== [[1;31mERROR[0m] Segments micro-benchmarks/DRB177-fib-taskdep-yes.c:25 and micro-benchmarks/DRB177-fib-taskdep-yes.c:28 were declared independent while accessing the same memory address
==27076== [[1;31mERROR[0m]     4 bytes from 0x1FFEFFE124 (stack access)
==27076== [[1;31mERROR[0m] Segments micro-benchmarks/DRB177-fib-taskdep-yes.c:25 and micro-benchmarks/DRB177-fib-taskdep-yes.c:24 were declared independent while accessing the same memory address
==27076== [[1;31mERROR[0m]     4 bytes from 0x1FFEFFE124 (stack access)
==27076== [[1;31mERROR[0m] Segments micro-benchmarks/DRB177-fib-taskdep-yes.c:25 and micro-benchmarks/DRB177-fib-taskdep-yes.c:28 were declared independent while accessing the same memory address
==27076== [[1;31mERROR[0m]     4 bytes from 0x1FFEFFE124 (stack access)
==27076== [[1;31mERROR[0m] Segments micro-benchmarks/DRB177-fib-taskdep-yes.c:25 and micro-benchmarks/DRB177-fib-taskdep-yes.c:24 were declared independent while accessing the same memory address
==27076== [[1;31mERROR[0m]     4 bytes from 0x1FFEFFE124 (stack access)
==27076== [[1;31mERROR[0m] Segments micro-benchmarks/DRB177-fib-taskdep-yes.c:25 and micro-benchmarks/DRB177-fib-taskdep-yes.c:28 were declared independent while accessing the same memory address
==27076== [[1;31mERROR[0m]     4 bytes from 0x1FFEFFE124 (stack access)
==27076== [[1;31mERROR[0m] Segments micro-benchmarks/DRB177-fib-taskdep-yes.c:25 and micro-benchmarks/DRB177-fib-taskdep-yes.c:25 were declared independent while accessing the same memory address
==27076== [[1;31mERROR[0m]     4 bytes from 0x1FFEFFE124 (stack access)
==27076== [[1;31mERROR[0m] Segments micro-benchmarks/DRB177-fib-taskdep-yes.c:25 and micro-benchmarks/DRB177-fib-taskdep-yes.c:28 were declared independent while accessing the same memory address
==27076== [[1;31mERROR[0m]     4 bytes from 0x1FFEFFE124 (stack access)
==27076== [[1;31mERROR[0m] Segments micro-benchmarks/DRB177-fib-taskdep-yes.c:25 and micro-benchmarks/DRB177-fib-taskdep-yes.c:24 were declared independent while accessing the same memory address
==27076== [[1;31mERROR[0m]     4 bytes from 0x1FFEFFE124 (stack access)
==27076== [[1;31mERROR[0m] Segments micro-benchmarks/DRB177-fib-taskdep-yes.c:25 and micro-benchmarks/DRB177-fib-taskdep-yes.c:28 were declared independent while accessing the same memory address
==27076== [[1;31mERROR[0m]     4 bytes from 0x1FFEFFE124 (stack access)
==27076== [[1;31mERROR[0m] Segments micro-benchmarks/DRB177-fib-taskdep-yes.c:25 and micro-benchmarks/DRB177-fib-taskdep-yes.c:24 were declared independent while accessing the same memory address
==27076== [[1;31mERROR[0m]     4 bytes from 0x1FFEFFE124 (stack access)
==27076== [[1;31mERROR[0m] Segments micro-benchmarks/DRB177-fib-taskdep-yes.c:25 and micro-benchmarks/DRB177-fib-taskdep-yes.c:28 were declared independent while accessing the same memory address
==27076== [[1;31mERROR[0m]     4 bytes from 0x1FFEFFE124 (stack access)
==27076== [[1;31mERROR[0m] Segments micro-benchmarks/DRB177-fib-taskdep-yes.c:25 and micro-benchmarks/DRB177-fib-taskdep-yes.c:24 were declared independent while accessing the same memory address
==27076== [[1;31mERROR[0m]     4 bytes from 0x1FFEFFE124 (stack access)
==27076== [[1;31mERROR[0m] Segments micro-benchmarks/DRB177-fib-taskdep-yes.c:25 and micro-benchmarks/DRB177-fib-taskdep-yes.c:28 were declared independent while accessing the same memory address
==27076== [[1;31mERROR[0m]     4 bytes from 0x1FFEFFE124 (stack access)
==27076== [[1;31mERROR[0m] Segments micro-benchmarks/DRB177-fib-taskdep-yes.c:25 and micro-benchmarks/DRB177-fib-taskdep-yes.c:25 were declared independent while accessing the same memory address
==27076== [[1;31mERROR[0m]     4 bytes from 0x1FFEFFE124 (stack access)
==27076== [[1;31mERROR[0m] Segments micro-benchmarks/DRB177-fib-taskdep-yes.c:25 and micro-benchmarks/DRB177-fib-taskdep-yes.c:28 were declared independent while accessing the same memory address
==27076== [[1;31mERROR[0m]     4 bytes from 0x1FFEFFE124 (stack access)
==27076== [[1;31mERROR[0m] Segments micro-benchmarks/DRB177-fib-taskdep-yes.c:25 and micro-benchmarks/DRB177-fib-taskdep-yes.c:24 were declared independent while accessing the same memory address
==27076== [[1;31mERROR[0m]     4 bytes from 0x1FFEFFE124 (stack access)
==27076== [[1;31mERROR[0m] Segments micro-benchmarks/DRB177-fib-taskdep-yes.c:25 and micro-benchmarks/DRB177-fib-taskdep-yes.c:28 were declared independent while accessing the same memory address
==27076== [[1;31mERROR[0m]     4 bytes from 0x1FFEFFE124 (stack access)
==27076== [[1;31mERROR[0m] Segments micro-benchmarks/DRB177-fib-taskdep-yes.c:25 and micro-benchmarks/DRB177-fib-taskdep-yes.c:24 were declared independent while accessing the same memory address
==27076== [[1;31mERROR[0m]     4 bytes from 0x1FFEFFE124 (stack access)
==27076== [[1;31mERROR[0m] Segments micro-benchmarks/DRB177-fib-taskdep-yes.c:25 and micro-benchmarks/DRB177-fib-taskdep-yes.c:28 were declared independent while accessing the same memory address
==27076== [[1;31mERROR[0m]     4 bytes from 0x1FFEFFE124 (stack access)
==27076== [[1;31mERROR[0m] Segments micro-benchmarks/DRB177-fib-taskdep-yes.c:25 and micro-benchmarks/DRB177-fib-taskdep-yes.c:24 were declared independent while accessing the same memory address
==27076== [[1;31mERROR[0m]     4 bytes from 0x1FFEFFE124 (stack access)
==27076== [[1;31mERROR[0m] Segments micro-benchmarks/DRB177-fib-taskdep-yes.c:25 and micro-benchmarks/DRB177-fib-taskdep-yes.c:28 were declared independent while accessing the same memory address
==27076== [[1;31mERROR[0m]     4 bytes from 0x1FFEFFE124 (stack access)
==27076== [[1;31mERROR[0m] Segments micro-benchmarks/DRB177-fib-taskdep-yes.c:25 and micro-benchmarks/DRB177-fib-taskdep-yes.c:24 were declared independent while accessing the same memory address
==27076== [[1;31mERROR[0m]     4 bytes from 0x1FFEFFE124 (stack access)
==27076== [[1;31mERROR[0m] Segments micro-benchmarks/DRB177-fib-taskdep-yes.c:25 and micro-benchmarks/DRB177-fib-taskdep-yes.c:28 were declared independent while accessing the same memory address
==27076== [[1;31mERROR[0m]     4 bytes from 0x1FFEFFE124 (stack access)
==27076== [[1;31mERROR[0m] Segments micro-benchmarks/DRB177-fib-taskdep-yes.c:25 and micro-benchmarks/DRB177-fib-taskdep-yes.c:25 were declared independent while accessing the same memory address
==27076== [[1;31mERROR[0m]     4 bytes from 0x1FFEFFE124 (stack access)
==27076== [[1;31mERROR[0m] Segments micro-benchmarks/DRB177-fib-taskdep-yes.c:25 and micro-benchmarks/DRB177-fib-taskdep-yes.c:28 were declared independent while accessing the same memory address
==27076== [[1;31mERROR[0m]     4 bytes from 0x1FFEFFE124 (stack access)
==27076== [[1;31mERROR[0m] Segments micro-benchmarks/DRB177-fib-taskdep-yes.c:25 and micro-benchmarks/DRB177-fib-taskdep-yes.c:24 were declared independent while accessing the same memory address
==27076== [[1;31mERROR[0m]     4 bytes from 0x1FFEFFE124 (stack access)
==27076== [[1;31mERROR[0m] Segments micro-benchmarks/DRB177-fib-taskdep-yes.c:25 and micro-benchmarks/DRB177-fib-taskdep-yes.c:28 were declared independent while accessing the same memory address
==27076== [[1;31mERROR[0m]     4 bytes from 0x1FFEFFE124 (stack access)
==27076== [[1;31mERROR[0m] Segments micro-benchmarks/DRB177-fib-taskdep-yes.c:25 and micro-benchmarks/DRB177-fib-taskdep-yes.c:24 were declared independent while accessing the same memory address
==27076== [[1;31mERROR[0m]     4 bytes from 0x1FFEFFE124 (stack access)
==27076== [[1;31mERROR[0m] Segments micro-benchmarks/DRB177-fib-taskdep-yes.c:25 and micro-benchmarks/DRB177-fib-taskdep-yes.c:28 were declared independent while accessing the same memory address
==27076== [[1;31mERROR[0m]     4 bytes from 0x1FFEFFE124 (stack access)
==27076== [[1;31mERROR[0m] Segments micro-benchmarks/DRB177-fib-taskdep-yes.c:25 and micro-benchmarks/DRB177-fib-taskdep-yes.c:24 were declared independent while accessing the same memory address
==27076== [[1;31mERROR[0m]     4 bytes from 0x1FFEFFE124 (stack access)
==27076== [[1;31mERROR[0m] Segments micro-benchmarks/DRB177-fib-taskdep-yes.c:25 and micro-benchmarks/DRB177-fib-taskdep-yes.c:28 were declared independent while accessing the same memory address
==27076== [[1;31mERROR[0m]     4 bytes from 0x1FFEFFE124 (stack access)
==27076== [[1;31mERROR[0m] Segments micro-benchmarks/DRB177-fib-taskdep-yes.c:25 and micro-benchmarks/DRB177-fib-taskdep-yes.c:24 were declared independent while accessing the same memory address
==27076== [[1;31mERROR[0m]     4 bytes from 0x1FFEFFE124 (stack access)
==27076== [[1;31mERROR[0m] Segments micro-benchmarks/DRB177-fib-taskdep-yes.c:25 and micro-benchmarks/DRB177-fib-taskdep-yes.c:28 were declared independent while accessing the same memory address
==27076== [[1;31mERROR[0m]     4 bytes from 0x1FFEFFE124 (stack access)
==27076== [[1;31mERROR[0m] Segments micro-benchmarks/DRB177-fib-taskdep-yes.c:25 and micro-benchmarks/DRB177-fib-taskdep-yes.c:24 were declared independent while accessing the same memory address
==27076== [[1;31mERROR[0m]     4 bytes from 0x1FFEFFE124 (stack access)
==27076== [[1;31mERROR[0m] Segments micro-benchmarks/DRB177-fib-taskdep-yes.c:25 and micro-benchmarks/DRB177-fib-taskdep-yes.c:28 were declared independent while accessing the same memory address
==27076== [[1;31mERROR[0m]     4 bytes from 0x1FFEFFE124 (stack access)
==27076== [[1;31mERROR[0m] Segments micro-benchmarks/DRB177-fib-taskdep-yes.c:26 and micro-benchmarks/DRB177-fib-taskdep-yes.c:26 were declared independent while accessing the same memory address
==27076== [[1;31mERROR[0m] Segments micro-benchmarks/DRB177-fib-taskdep-yes.c:26 and micro-benchmarks/DRB177-fib-taskdep-yes.c:28 were declared independent while accessing the same memory address
==27076== [[1;31mERROR[0m]     4 bytes from 0x1FFEFFE120 (stack access)
==27076== [[1;31mERROR[0m] Segments micro-benchmarks/DRB177-fib-taskdep-yes.c:26 and micro-benchmarks/DRB177-fib-taskdep-yes.c:26 were declared independent while accessing the same memory address
==27076== [[1;31mERROR[0m] Segments micro-benchmarks/DRB177-fib-taskdep-yes.c:26 and micro-benchmarks/DRB177-fib-taskdep-yes.c:28 were declared independent while accessing the same memory address
==27076== [[1;31mERROR[0m]     4 bytes from 0x1FFEFFE120 (stack access)
==27076== [[1;31mERROR[0m] Segments micro-benchmarks/DRB177-fib-taskdep-yes.c:26 and micro-benchmarks/DRB177-fib-taskdep-yes.c:26 were declared independent while accessing the same memory address
==27076== [[1;31mERROR[0m] Segments micro-benchmarks/DRB177-fib-taskdep-yes.c:26 and micro-benchmarks/DRB177-fib-taskdep-yes.c:28 were declared independent while accessing the same memory address
==27076== [[1;31mERROR[0m]     4 bytes from 0x1FFEFFE120 (stack access)
==27076== [[1;31mERROR[0m] Segments micro-benchmarks/DRB177-fib-taskdep-yes.c:26 and micro-benchmarks/DRB177-fib-taskdep-yes.c:26 were declared independent while accessing the same memory address
==27076== [[1;31mERROR[0m] Segments micro-benchmarks/DRB177-fib-taskdep-yes.c:26 and micro-benchmarks/DRB177-fib-taskdep-yes.c:28 were declared independent while accessing the same memory address
==27076== [[1;31mERROR[0m]     4 bytes from 0x1FFEFFE120 (stack access)
==27076== [[1;31mERROR[0m] Segments micro-benchmarks/DRB177-fib-taskdep-yes.c:26 and micro-benchmarks/DRB177-fib-taskdep-yes.c:26 were declared independent while accessing the same memory address
==27076== [[1;31mERROR[0m] Segments micro-benchmarks/DRB177-fib-taskdep-yes.c:26 and micro-benchmarks/DRB177-fib-taskdep-yes.c:28 were declared independent while accessing the same memory address
==27076== [[1;31mERROR[0m]     4 bytes from 0x1FFEFFE120 (stack access)
==27076== [[1;31mERROR[0m] Segments micro-benchmarks/DRB177-fib-taskdep-yes.c:26 and micro-benchmarks/DRB177-fib-taskdep-yes.c:26 were declared independent while accessing the same memory address
==27076== [[1;31mERROR[0m] Segments micro-benchmarks/DRB177-fib-taskdep-yes.c:26 and micro-benchmarks/DRB177-fib-taskdep-yes.c:28 were declared independent while accessing the same memory address
==27076== [[1;31mERROR[0m]     4 bytes from 0x1FFEFFE120 (stack access)
==27076== [[1;31mERROR[0m] Segments micro-benchmarks/DRB177-fib-taskdep-yes.c:26 and micro-benchmarks/DRB177-fib-taskdep-yes.c:26 were declared independent while accessing the same memory address
==27076== [[1;31mERROR[0m] Segments micro-benchmarks/DRB177-fib-taskdep-yes.c:26 and micro-benchmarks/DRB177-fib-taskdep-yes.c:28 were declared independent while accessing the same memory address
==27076== [[1;31mERROR[0m]     4 bytes from 0x1FFEFFE120 (stack access)
==27076== [[1;31mERROR[0m] Segments micro-benchmarks/DRB177-fib-taskdep-yes.c:26 and micro-benchmarks/DRB177-fib-taskdep-yes.c:26 were declared independent while accessing the same memory address
==27076== [[1;31mERROR[0m] Segments micro-benchmarks/DRB177-fib-taskdep-yes.c:26 and micro-benchmarks/DRB177-fib-taskdep-yes.c:28 were declared independent while accessing the same memory address
==27076== [[1;31mERROR[0m]     4 bytes from 0x1FFEFFE120 (stack access)
==27076== [[1;31mERROR[0m] Segments micro-benchmarks/DRB177-fib-taskdep-yes.c:26 and micro-benchmarks/DRB177-fib-taskdep-yes.c:26 were declared independent while accessing the same memory address
==27076== [[1;31mERROR[0m] Segments micro-benchmarks/DRB177-fib-taskdep-yes.c:26 and micro-benchmarks/DRB177-fib-taskdep-yes.c:28 were declared independent while accessing the same memory address
==27076== [[1;31mERROR[0m]     4 bytes from 0x1FFEFFE120 (stack access)
==27076== [[1;31mERROR[0m] Segments micro-benchmarks/DRB177-fib-taskdep-yes.c:26 and micro-benchmarks/DRB177-fib-taskdep-yes.c:26 were declared independent while accessing the same memory address
==27076== [[1;31mERROR[0m] Segments micro-benchmarks/DRB177-fib-taskdep-yes.c:26 and micro-benchmarks/DRB177-fib-taskdep-yes.c:28 were declared independent while accessing the same memory address
==27076== [[1;31mERROR[0m]     4 bytes from 0x1FFEFFE120 (stack access)
==27076== [[1;31mERROR[0m] Segments micro-benchmarks/DRB177-fib-taskdep-yes.c:26 and micro-benchmarks/DRB177-fib-taskdep-yes.c:26 were declared independent while accessing the same memory address
==27076== [[1;31mERROR[0m] Segments micro-benchmarks/DRB177-fib-taskdep-yes.c:26 and micro-benchmarks/DRB177-fib-taskdep-yes.c:28 were declared independent while accessing the same memory address
==27076== [[1;31mERROR[0m]     4 bytes from 0x1FFEFFE120 (stack access)
==27076== [[1;31mERROR[0m] Segments micro-benchmarks/DRB177-fib-taskdep-yes.c:26 and micro-benchmarks/DRB177-fib-taskdep-yes.c:26 were declared independent while accessing the same memory address
==27076== [[1;31mERROR[0m] Segments micro-benchmarks/DRB177-fib-taskdep-yes.c:26 and micro-benchmarks/DRB177-fib-taskdep-yes.c:28 were declared independent while accessing the same memory address
==27076== [[1;31mERROR[0m]     4 bytes from 0x1FFEFFE120 (stack access)
==27076== [[1;31mERROR[0m] Segments micro-benchmarks/DRB177-fib-taskdep-yes.c:26 and micro-benchmarks/DRB177-fib-taskdep-yes.c:26 were declared independent while accessing the same memory address
==27076== [[1;31mERROR[0m] Segments micro-benchmarks/DRB177-fib-taskdep-yes.c:26 and micro-benchmarks/DRB177-fib-taskdep-yes.c:28 were declared independent while accessing the same memory address
==27076== [[1;31mERROR[0m]     4 bytes from 0x1FFEFFE120 (stack access)
==27076== [[1;31mERROR[0m] Segments micro-benchmarks/DRB177-fib-taskdep-yes.c:26 and micro-benchmarks/DRB177-fib-taskdep-yes.c:26 were declared independent while accessing the same memory address
==27076== [[1;31mERROR[0m] Segments micro-benchmarks/DRB177-fib-taskdep-yes.c:26 and micro-benchmarks/DRB177-fib-taskdep-yes.c:28 were declared independent while accessing the same memory address
==27076== [[1;31mERROR[0m]     4 bytes from 0x1FFEFFE120 (stack access)
==27076== [[1;31mERROR[0m] Segments micro-benchmarks/DRB177-fib-taskdep-yes.c:26 and micro-benchmarks/DRB177-fib-taskdep-yes.c:26 were declared independent while accessing the same memory address
==27076== [[1;31mERROR[0m] Segments micro-benchmarks/DRB177-fib-taskdep-yes.c:26 and micro-benchmarks/DRB177-fib-taskdep-yes.c:28 were declared independent while accessing the same memory address
==27076== [[1;31mERROR[0m]     4 bytes from 0x1FFEFFE120 (stack access)
==27076== [[1;31mERROR[0m] Segments micro-benchmarks/DRB177-fib-taskdep-yes.c:26 and micro-benchmarks/DRB177-fib-taskdep-yes.c:26 were declared independent while accessing the same memory address
==27076== [[1;31mERROR[0m] Segments micro-benchmarks/DRB177-fib-taskdep-yes.c:26 and micro-benchmarks/DRB177-fib-taskdep-yes.c:28 were declared independent while accessing the same memory address
==27076== [[1;31mERROR[0m]     4 bytes from 0x1FFEFFE120 (stack access)
==27076== [[1;31mERROR[0m] Segments micro-benchmarks/DRB177-fib-taskdep-yes.c:26 and micro-benchmarks/DRB177-fib-taskdep-yes.c:26 were declared independent while accessing the same memory address
==27076== [[1;31mERROR[0m] Segments micro-benchmarks/DRB177-fib-taskdep-yes.c:26 and micro-benchmarks/DRB177-fib-taskdep-yes.c:28 were declared independent while accessing the same memory address
==27076== [[1;31mERROR[0m]     4 bytes from 0x1FFEFFE120 (stack access)
==27076== [[1;31mERROR[0m] Segments micro-benchmarks/DRB177-fib-taskdep-yes.c:26 and micro-benchmarks/DRB177-fib-taskdep-yes.c:26 were declared independent while accessing the same memory address
==27076== [[1;31mERROR[0m] Segments micro-benchmarks/DRB177-fib-taskdep-yes.c:26 and micro-benchmarks/DRB177-fib-taskdep-yes.c:28 were declared independent while accessing the same memory address
==27076== [[1;31mERROR[0m]     4 bytes from 0x1FFEFFE120 (stack access)
==27076== [[1;31mERROR[0m] Segments micro-benchmarks/DRB177-fib-taskdep-yes.c:26 and micro-benchmarks/DRB177-fib-taskdep-yes.c:26 were declared independent while accessing the same memory address
==27076== [[1;31mERROR[0m] Segments micro-benchmarks/DRB177-fib-taskdep-yes.c:26 and micro-benchmarks/DRB177-fib-taskdep-yes.c:28 were declared independent while accessing the same memory address
==27076== [[1;31mERROR[0m]     4 bytes from 0x1FFEFFE120 (stack access)
==27076== [[1;31mERROR[0m] Segments micro-benchmarks/DRB177-fib-taskdep-yes.c:28 and micro-benchmarks/DRB177-fib-taskdep-yes.c:24 were declared independent while accessing the same memory address
==27076== [[1;31mERROR[0m]     4 bytes from 0x1FFEFFE124 (stack access)
==27076== [[1;31mERROR[0m] Segments micro-benchmarks/DRB177-fib-taskdep-yes.c:28 and micro-benchmarks/DRB177-fib-taskdep-yes.c:26 were declared independent while accessing the same memory address
==27076== [[1;31mERROR[0m]     4 bytes from 0x1FFEFFE120 (stack access)
==27076== [[1;31mERROR[0m] Segments micro-benchmarks/DRB177-fib-taskdep-yes.c:28 and micro-benchmarks/DRB177-fib-taskdep-yes.c:25 were declared independent while accessing the same memory address
==27076== [[1;31mERROR[0m]     4 bytes from 0x1FFEFFE124 (stack access)
==27076== [[1;31mERROR[0m] Segments micro-benchmarks/DRB177-fib-taskdep-yes.c:28 and micro-benchmarks/DRB177-fib-taskdep-yes.c:26 were declared independent while accessing the same memory address
==27076== [[1;31mERROR[0m]     4 bytes from 0x1FFEFFE120 (stack access)
==27076== [[1;31mERROR[0m] Segments micro-benchmarks/DRB177-fib-taskdep-yes.c:28 and micro-benchmarks/DRB177-fib-taskdep-yes.c:24 were declared independent while accessing the same memory address
==27076== [[1;31mERROR[0m]     4 bytes from 0x1FFEFFE124 (stack access)
==27076== [[1;31mERROR[0m] Segments micro-benchmarks/DRB177-fib-taskdep-yes.c:28 and micro-benchmarks/DRB177-fib-taskdep-yes.c:26 were declared independent while accessing the same memory address
==27076== [[1;31mERROR[0m]     4 bytes from 0x1FFEFFE120 (stack access)
==27076== [[1;31mERROR[0m] Segments micro-benchmarks/DRB177-fib-taskdep-yes.c:28 and micro-benchmarks/DRB177-fib-taskdep-yes.c:24 were declared independent while accessing the same memory address
==27076== [[1;31mERROR[0m]     4 bytes from 0x1FFEFFE124 (stack access)
==27076== [[1;31mERROR[0m] Segments micro-benchmarks/DRB177-fib-taskdep-yes.c:28 and micro-benchmarks/DRB177-fib-taskdep-yes.c:26 were declared independent while accessing the same memory address
==27076== [[1;31mERROR[0m]     4 bytes from 0x1FFEFFE120 (stack access)
==27076== [[1;31mERROR[0m] Segments micro-benchmarks/DRB177-fib-taskdep-yes.c:28 and micro-benchmarks/DRB177-fib-taskdep-yes.c:25 were declared independent while accessing the same memory address
==27076== [[1;31mERROR[0m]     4 bytes from 0x1FFEFFE124 (stack access)
==27076== [[1;31mERROR[0m] Segments micro-benchmarks/DRB177-fib-taskdep-yes.c:28 and micro-benchmarks/DRB177-fib-taskdep-yes.c:26 were declared independent while accessing the same memory address
==27076== [[1;31mERROR[0m]     4 bytes from 0x1FFEFFE120 (stack access)
==27076== [[1;31mERROR[0m] Segments micro-benchmarks/DRB177-fib-taskdep-yes.c:28 and micro-benchmarks/DRB177-fib-taskdep-yes.c:24 were declared independent while accessing the same memory address
==27076== [[1;31mERROR[0m]     4 bytes from 0x1FFEFFE124 (stack access)
==27076== [[1;31mERROR[0m] Segments micro-benchmarks/DRB177-fib-taskdep-yes.c:28 and micro-benchmarks/DRB177-fib-taskdep-yes.c:26 were declared independent while accessing the same memory address
==27076== [[1;31mERROR[0m]     4 bytes from 0x1FFEFFE120 (stack access)
==27076== [[1;31mERROR[0m] Segments micro-benchmarks/DRB177-fib-taskdep-yes.c:28 and micro-benchmarks/DRB177-fib-taskdep-yes.c:24 were declared independent while accessing the same memory address
==27076== [[1;31mERROR[0m]     4 bytes from 0x1FFEFFE124 (stack access)
==27076== [[1;31mERROR[0m] Segments micro-benchmarks/DRB177-fib-taskdep-yes.c:28 and micro-benchmarks/DRB177-fib-taskdep-yes.c:26 were declared independent while accessing the same memory address
==27076== [[1;31mERROR[0m]     4 bytes from 0x1FFEFFE120 (stack access)
==27076== [[1;31mERROR[0m] Segments micro-benchmarks/DRB177-fib-taskdep-yes.c:28 and micro-benchmarks/DRB177-fib-taskdep-yes.c:24 were declared independent while accessing the same memory address
==27076== [[1;31mERROR[0m]     4 bytes from 0x1FFEFFE124 (stack access)
==27076== [[1;31mERROR[0m] Segments micro-benchmarks/DRB177-fib-taskdep-yes.c:28 and micro-benchmarks/DRB177-fib-taskdep-yes.c:26 were declared independent while accessing the same memory address
==27076== [[1;31mERROR[0m]     4 bytes from 0x1FFEFFE120 (stack access)
==27076== [[1;31mERROR[0m] Segments micro-benchmarks/DRB177-fib-taskdep-yes.c:28 and micro-benchmarks/DRB177-fib-taskdep-yes.c:25 were declared independent while accessing the same memory address
==27076== [[1;31mERROR[0m]     4 bytes from 0x1FFEFFE124 (stack access)
==27076== [[1;31mERROR[0m] Segments micro-benchmarks/DRB177-fib-taskdep-yes.c:28 and micro-benchmarks/DRB177-fib-taskdep-yes.c:26 were declared independent while accessing the same memory address
==27076== [[1;31mERROR[0m]     4 bytes from 0x1FFEFFE120 (stack access)
==27076== [[1;31mERROR[0m] Segments micro-benchmarks/DRB177-fib-taskdep-yes.c:28 and micro-benchmarks/DRB177-fib-taskdep-yes.c:24 were declared independent while accessing the same memory address
==27076== [[1;31mERROR[0m]     4 bytes from 0x1FFEFFE124 (stack access)
==27076== [[1;31mERROR[0m] Segments micro-benchmarks/DRB177-fib-taskdep-yes.c:28 and micro-benchmarks/DRB177-fib-taskdep-yes.c:26 were declared independent while accessing the same memory address
==27076== [[1;31mERROR[0m]     4 bytes from 0x1FFEFFE120 (stack access)
==27076== [[1;31mERROR[0m] Segments micro-benchmarks/DRB177-fib-taskdep-yes.c:28 and micro-benchmarks/DRB177-fib-taskdep-yes.c:24 were declared independent while accessing the same memory address
==27076== [[1;31mERROR[0m]     4 bytes from 0x1FFEFFE124 (stack access)
==27076== [[1;31mERROR[0m] Segments micro-benchmarks/DRB177-fib-taskdep-yes.c:28 and micro-benchmarks/DRB177-fib-taskdep-yes.c:26 were declared independent while accessing the same memory address
==27076== [[1;31mERROR[0m]     4 bytes from 0x1FFEFFE120 (stack access)
==27076== [[1;31mERROR[0m] Segments micro-benchmarks/DRB177-fib-taskdep-yes.c:28 and micro-benchmarks/DRB177-fib-taskdep-yes.c:24 were declared independent while accessing the same memory address
==27076== [[1;31mERROR[0m]     4 bytes from 0x1FFEFFE124 (stack access)
==27076== [[1;31mERROR[0m] Segments micro-benchmarks/DRB177-fib-taskdep-yes.c:28 and micro-benchmarks/DRB177-fib-taskdep-yes.c:26 were declared independent while accessing the same memory address
==27076== [[1;31mERROR[0m]     4 bytes from 0x1FFEFFE120 (stack access)
==27076== [[1;31mERROR[0m] Segments micro-benchmarks/DRB177-fib-taskdep-yes.c:28 and micro-benchmarks/DRB177-fib-taskdep-yes.c:24 were declared independent while accessing the same memory address
==27076== [[1;31mERROR[0m]     4 bytes from 0x1FFEFFE124 (stack access)
==27076== [[1;31mERROR[0m] Segments micro-benchmarks/DRB177-fib-taskdep-yes.c:28 and micro-benchmarks/DRB177-fib-taskdep-yes.c:26 were declared independent while accessing the same memory address
==27076== [[1;31mERROR[0m]     4 bytes from 0x1FFEFFE120 (stack access)
==27076== [[1;31mERROR[0m] Segments micro-benchmarks/DRB177-fib-taskdep-yes.c:28 and micro-benchmarks/DRB177-fib-taskdep-yes.c:25 were declared independent while accessing the same memory address
==27076== [[1;31mERROR[0m]     4 bytes from 0x1FFEFFE124 (stack access)
==27076== [[1;31mERROR[0m] Segments micro-benchmarks/DRB177-fib-taskdep-yes.c:28 and micro-benchmarks/DRB177-fib-taskdep-yes.c:26 were declared independent while accessing the same memory address
==27076== [[1;31mERROR[0m]     4 bytes from 0x1FFEFFE120 (stack access)
==27076== [[1;31mERROR[0m] Segments micro-benchmarks/DRB177-fib-taskdep-yes.c:28 and micro-benchmarks/DRB177-fib-taskdep-yes.c:24 were declared independent while accessing the same memory address
==27076== [[1;31mERROR[0m]     4 bytes from 0x1FFEFFE124 (stack access)
==27076== [[1;31mERROR[0m] Segments micro-benchmarks/DRB177-fib-taskdep-yes.c:28 and micro-benchmarks/DRB177-fib-taskdep-yes.c:26 were declared independent while accessing the same memory address
==27076== [[1;31mERROR[0m]     4 bytes from 0x1FFEFFE120 (stack access)
==27076== [[1;31mERROR[0m] Segments micro-benchmarks/DRB177-fib-taskdep-yes.c:28 and micro-benchmarks/DRB177-fib-taskdep-yes.c:24 were declared independent while accessing the same memory address
==27076== [[1;31mERROR[0m]     4 bytes from 0x1FFEFFE124 (stack access)
==27076== [[1;31mERROR[0m] Segments micro-benchmarks/DRB177-fib-taskdep-yes.c:28 and micro-benchmarks/DRB177-fib-taskdep-yes.c:26 were declared independent while accessing the same memory address
==27076== [[1;31mERROR[0m]     4 bytes from 0x1FFEFFE120 (stack access)
==27076== [[1;31mERROR[0m] Segments micro-benchmarks/DRB177-fib-taskdep-yes.c:28 and micro-benchmarks/DRB177-fib-taskdep-yes.c:24 were declared independent while accessing the same memory address
==27076== [[1;31mERROR[0m]     4 bytes from 0x1FFEFFE124 (stack access)
==27076== [[1;31mERROR[0m] Segments micro-benchmarks/DRB177-fib-taskdep-yes.c:28 and micro-benchmarks/DRB177-fib-taskdep-yes.c:26 were declared independent while accessing the same memory address
==27076== [[1;31mERROR[0m]     4 bytes from 0x1FFEFFE120 (stack access)
==27076== [[1;31mERROR[0m] Segments micro-benchmarks/DRB177-fib-taskdep-yes.c:28 and micro-benchmarks/DRB177-fib-taskdep-yes.c:24 were declared independent while accessing the same memory address
==27076== [[1;31mERROR[0m]     4 bytes from 0x1FFEFFE124 (stack access)
==27076== [[1;31mERROR[0m] Segments micro-benchmarks/DRB177-fib-taskdep-yes.c:28 and micro-benchmarks/DRB177-fib-taskdep-yes.c:26 were declared independent while accessing the same memory address
==27076== [[1;31mERROR[0m]     4 bytes from 0x1FFEFFE120 (stack access)
==27076== [[1;31mERROR[0m] Segments micro-benchmarks/DRB177-fib-taskdep-yes.c:28 and micro-benchmarks/DRB177-fib-taskdep-yes.c:24 were declared independent while accessing the same memory address
==27076== [[1;31mERROR[0m]     4 bytes from 0x1FFEFFE124 (stack access)
==27076== [[1;31mERROR[0m] Segments micro-benchmarks/DRB177-fib-taskdep-yes.c:28 and micro-benchmarks/DRB177-fib-taskdep-yes.c:26 were declared independent while accessing the same memory address
==27076== [[1;31mERROR[0m]     4 bytes from 0x1FFEFFE120 (stack access)
==27076== [[1;31mERROR[0m] Segments micro-benchmarks/DRB177-fib-taskdep-yes.c:25 and micro-benchmarks/DRB177-fib-taskdep-yes.c:28 were declared independent while accessing the same memory address
==27076== [[1;31mERROR[0m]     4 bytes from 0x1FFEFFE3D4 (stack access)
==27076== [[1;31mERROR[0m] Segments micro-benchmarks/DRB177-fib-taskdep-yes.c:25 and micro-benchmarks/DRB177-fib-taskdep-yes.c:25 were declared independent while accessing the same memory address
==27076== [[1;31mERROR[0m]     4 bytes from 0x1FFEFFE3D4 (stack access)
==27076== [[1;31mERROR[0m] Segments micro-benchmarks/DRB177-fib-taskdep-yes.c:25 and micro-benchmarks/DRB177-fib-taskdep-yes.c:28 were declared independent while accessing the same memory address
==27076== [[1;31mERROR[0m]     4 bytes from 0x1FFEFFE3D4 (stack access)
==27076== [[1;31mERROR[0m] Segments micro-benchmarks/DRB177-fib-taskdep-yes.c:25 and micro-benchmarks/DRB177-fib-taskdep-yes.c:25 were declared independent while accessing the same memory address
==27076== [[1;31mERROR[0m]     4 bytes from 0x1FFEFFE3D4 (stack access)
==27076== [[1;31mERROR[0m] Segments micro-benchmarks/DRB177-fib-taskdep-yes.c:25 and micro-benchmarks/DRB177-fib-taskdep-yes.c:28 were declared independent while accessing the same memory address
==27076== [[1;31mERROR[0m]     4 bytes from 0x1FFEFFE3D4 (stack access)
==27076== [[1;31mERROR[0m] Segments micro-benchmarks/DRB177-fib-taskdep-yes.c:25 and micro-benchmarks/DRB177-fib-taskdep-yes.c:25 were declared independent while accessing the same memory address
==27076== [[1;31mERROR[0m]     4 bytes from 0x1FFEFFE3D4 (stack access)
==27076== [[1;31mERROR[0m] Segments micro-benchmarks/DRB177-fib-taskdep-yes.c:25 and micro-benchmarks/DRB177-fib-taskdep-yes.c:28 were declared independent while accessing the same memory address
==27076== [[1;31mERROR[0m]     4 bytes from 0x1FFEFFE3D4 (stack access)
==27076== [[1;31mERROR[0m] Segments micro-benchmarks/DRB177-fib-taskdep-yes.c:25 and micro-benchmarks/DRB177-fib-taskdep-yes.c:25 were declared independent while accessing the same memory address
==27076== [[1;31mERROR[0m]     4 bytes from 0x1FFEFFE3D4 (stack access)
==27076== [[1;31mERROR[0m] Segments micro-benchmarks/DRB177-fib-taskdep-yes.c:25 and micro-benchmarks/DRB177-fib-taskdep-yes.c:28 were declared independent while accessing the same memory address
==27076== [[1;31mERROR[0m]     4 bytes from 0x1FFEFFE3D4 (stack access)
==27076== [[1;31mERROR[0m] Segments micro-benchmarks/DRB177-fib-taskdep-yes.c:25 and micro-benchmarks/DRB177-fib-taskdep-yes.c:25 were declared independent while accessing the same memory address
==27076== [[1;31mERROR[0m]     4 bytes from 0x1FFEFFE3D4 (stack access)
==27076== [[1;31mERROR[0m] Segments micro-benchmarks/DRB177-fib-taskdep-yes.c:25 and micro-benchmarks/DRB177-fib-taskdep-yes.c:28 were declared independent while accessing the same memory address
==27076== [[1;31mERROR[0m]     4 bytes from 0x1FFEFFE3D4 (stack access)
==27076== [[1;31mERROR[0m] Segments micro-benchmarks/DRB177-fib-taskdep-yes.c:25 and micro-benchmarks/DRB177-fib-taskdep-yes.c:24 were declared independent while accessing the same memory address
==27076== [[1;31mERROR[0m]     4 bytes from 0x1FFEFFE3D4 (stack access)
==27076== [[1;31mERROR[0m] Segments micro-benchmarks/DRB177-fib-taskdep-yes.c:25 and micro-benchmarks/DRB177-fib-taskdep-yes.c:28 were declared independent while accessing the same memory address
==27076== [[1;31mERROR[0m]     4 bytes from 0x1FFEFFE3D4 (stack access)
==27076== [[1;31mERROR[0m] Segments micro-benchmarks/DRB177-fib-taskdep-yes.c:25 and micro-benchmarks/DRB177-fib-taskdep-yes.c:25 were declared independent while accessing the same memory address
==27076== [[1;31mERROR[0m]     4 bytes from 0x1FFEFFE3D4 (stack access)
==27076== [[1;31mERROR[0m] Segments micro-benchmarks/DRB177-fib-taskdep-yes.c:25 and micro-benchmarks/DRB177-fib-taskdep-yes.c:28 were declared independent while accessing the same memory address
==27076== [[1;31mERROR[0m]     4 bytes from 0x1FFEFFE3D4 (stack access)
==27076== [[1;31mERROR[0m] Segments micro-benchmarks/DRB177-fib-taskdep-yes.c:25 and micro-benchmarks/DRB177-fib-taskdep-yes.c:25 were declared independent while accessing the same memory address
==27076== [[1;31mERROR[0m]     4 bytes from 0x1FFEFFE3D4 (stack access)
==27076== [[1;31mERROR[0m] Segments micro-benchmarks/DRB177-fib-taskdep-yes.c:25 and micro-benchmarks/DRB177-fib-taskdep-yes.c:28 were declared independent while accessing the same memory address
==27076== [[1;31mERROR[0m]     4 bytes from 0x1FFEFFE3D4 (stack access)
==27076== [[1;31mERROR[0m] Segments micro-benchmarks/DRB177-fib-taskdep-yes.c:25 and micro-benchmarks/DRB177-fib-taskdep-yes.c:25 were declared independent while accessing the same memory address
==27076== [[1;31mERROR[0m]     4 bytes from 0x1FFEFFE3D4 (stack access)
==27076== [[1;31mERROR[0m] Segments micro-benchmarks/DRB177-fib-taskdep-yes.c:25 and micro-benchmarks/DRB177-fib-taskdep-yes.c:28 were declared independent while accessing the same memory address
==27076== [[1;31mERROR[0m]     4 bytes from 0x1FFEFFE3D4 (stack access)
==27076== [[1;31mERROR[0m] Segments micro-benchmarks/DRB177-fib-taskdep-yes.c:25 and micro-benchmarks/DRB177-fib-taskdep-yes.c:24 were declared independent while accessing the same memory address
==27076== [[1;31mERROR[0m]     4 bytes from 0x1FFEFFE3D4 (stack access)
==27076== [[1;31mERROR[0m] Segments micro-benchmarks/DRB177-fib-taskdep-yes.c:25 and micro-benchmarks/DRB177-fib-taskdep-yes.c:28 were declared independent while accessing the same memory address
==27076== [[1;31mERROR[0m]     4 bytes from 0x1FFEFFE3D4 (stack access)
==27076== [[1;31mERROR[0m] Segments micro-benchmarks/DRB177-fib-taskdep-yes.c:25 and micro-benchmarks/DRB177-fib-taskdep-yes.c:25 were declared independent while accessing the same memory address
==27076== [[1;31mERROR[0m]     4 bytes from 0x1FFEFFE3D4 (stack access)
==27076== [[1;31mERROR[0m] Segments micro-benchmarks/DRB177-fib-taskdep-yes.c:25 and micro-benchmarks/DRB177-fib-taskdep-yes.c:28 were declared independent while accessing the same memory address
==27076== [[1;31mERROR[0m]     4 bytes from 0x1FFEFFE3D4 (stack access)
==27076== [[1;31mERROR[0m] Segments micro-benchmarks/DRB177-fib-taskdep-yes.c:25 and micro-benchmarks/DRB177-fib-taskdep-yes.c:24 were declared independent while accessing the same memory address
==27076== [[1;31mERROR[0m]     4 bytes from 0x1FFEFFE3D4 (stack access)
==27076== [[1;31mERROR[0m] Segments micro-benchmarks/DRB177-fib-taskdep-yes.c:25 and micro-benchmarks/DRB177-fib-taskdep-yes.c:28 were declared independent while accessing the same memory address
==27076== [[1;31mERROR[0m]     4 bytes from 0x1FFEFFE3D4 (stack access)
==27076== [[1;31mERROR[0m] Segments micro-benchmarks/DRB177-fib-taskdep-yes.c:25 and micro-benchmarks/DRB177-fib-taskdep-yes.c:24 were declared independent while accessing the same memory address
==27076== [[1;31mERROR[0m]     4 bytes from 0x1FFEFFE3D4 (stack access)
==27076== [[1;31mERROR[0m] Segments micro-benchmarks/DRB177-fib-taskdep-yes.c:25 and micro-benchmarks/DRB177-fib-taskdep-yes.c:28 were declared independent while accessing the same memory address
==27076== [[1;31mERROR[0m]     4 bytes from 0x1FFEFFE3D4 (stack access)
==27076== [[1;31mERROR[0m] Segments micro-benchmarks/DRB177-fib-taskdep-yes.c:25 and micro-benchmarks/DRB177-fib-taskdep-yes.c:25 were declared independent while accessing the same memory address
==27076== [[1;31mERROR[0m]     4 bytes from 0x1FFEFFE3D4 (stack access)
==27076== [[1;31mERROR[0m] Segments micro-benchmarks/DRB177-fib-taskdep-yes.c:25 and micro-benchmarks/DRB177-fib-taskdep-yes.c:28 were declared independent while accessing the same memory address
==27076== [[1;31mERROR[0m]     4 bytes from 0x1FFEFFE3D4 (stack access)
==27076== [[1;31mERROR[0m] Segments micro-benchmarks/DRB177-fib-taskdep-yes.c:25 and micro-benchmarks/DRB177-fib-taskdep-yes.c:25 were declared independent while accessing the same memory address
==27076== [[1;31mERROR[0m]     4 bytes from 0x1FFEFFE3D4 (stack access)
==27076== [[1;31mERROR[0m] Segments micro-benchmarks/DRB177-fib-taskdep-yes.c:25 and micro-benchmarks/DRB177-fib-taskdep-yes.c:28 were declared independent while accessing the same memory address
==27076== [[1;31mERROR[0m]     4 bytes from 0x1FFEFFE3D4 (stack access)
==27076== [[1;31mERROR[0m] Segments micro-benchmarks/DRB177-fib-taskdep-yes.c:25 and micro-benchmarks/DRB177-fib-taskdep-yes.c:25 were declared independent while accessing the same memory address
==27076== [[1;31mERROR[0m]     4 bytes from 0x1FFEFFE3D4 (stack access)
==27076== [[1;31mERROR[0m] Segments micro-benchmarks/DRB177-fib-taskdep-yes.c:25 and micro-benchmarks/DRB177-fib-taskdep-yes.c:28 were declared independent while accessing the same memory address
==27076== [[1;31mERROR[0m]     4 bytes from 0x1FFEFFE3D4 (stack access)
==27076== [[1;31mERROR[0m] Segments micro-benchmarks/DRB177-fib-taskdep-yes.c:25 and micro-benchmarks/DRB177-fib-taskdep-yes.c:24 were declared independent while accessing the same memory address
==27076== [[1;31mERROR[0m]     4 bytes from 0x1FFEFFE3D4 (stack access)
==27076== [[1;31mERROR[0m] Segments micro-benchmarks/DRB177-fib-taskdep-yes.c:25 and micro-benchmarks/DRB177-fib-taskdep-yes.c:28 were declared independent while accessing the same memory address
==27076== [[1;31mERROR[0m]     4 bytes from 0x1FFEFFE3D4 (stack access)
==27076== [[1;31mERROR[0m] Segments micro-benchmarks/DRB177-fib-taskdep-yes.c:25 and micro-benchmarks/DRB177-fib-taskdep-yes.c:25 were declared independent while accessing the same memory address
==27076== [[1;31mERROR[0m]     4 bytes from 0x1FFEFFE3D4 (stack access)
==27076== [[1;31mERROR[0m] Segments micro-benchmarks/DRB177-fib-taskdep-yes.c:25 and micro-benchmarks/DRB177-fib-taskdep-yes.c:28 were declared independent while accessing the same memory address
==27076== [[1;31mERROR[0m]     4 bytes from 0x1FFEFFE3D4 (stack access)
==27076== [[1;31mERROR[0m] Segments micro-benchmarks/DRB177-fib-taskdep-yes.c:25 and micro-benchmarks/DRB177-fib-taskdep-yes.c:24 were declared independent while accessing the same memory address
==27076== [[1;31mERROR[0m]     4 bytes from 0x1FFEFFE3D4 (stack access)
==27076== [[1;31mERROR[0m] Segments micro-benchmarks/DRB177-fib-taskdep-yes.c:25 and micro-benchmarks/DRB177-fib-taskdep-yes.c:28 were declared independent while accessing the same memory address
==27076== [[1;31mERROR[0m]     4 bytes from 0x1FFEFFE3D4 (stack access)
==27076== [[1;31mERROR[0m] Segments micro-benchmarks/DRB177-fib-taskdep-yes.c:25 and micro-benchmarks/DRB177-fib-taskdep-yes.c:24 were declared independent while accessing the same memory address
==27076== [[1;31mERROR[0m]     4 bytes from 0x1FFEFFE3D4 (stack access)
==27076== [[1;31mERROR[0m] Segments micro-benchmarks/DRB177-fib-taskdep-yes.c:25 and micro-benchmarks/DRB177-fib-taskdep-yes.c:28 were declared independent while accessing the same memory address
==27076== [[1;31mERROR[0m]     4 bytes from 0x1FFEFFE3D4 (stack access)
==27076== [[1;31mERROR[0m] Segments micro-benchmarks/DRB177-fib-taskdep-yes.c:25 and micro-benchmarks/DRB177-fib-taskdep-yes.c:25 were declared independent while accessing the same memory address
==27076== [[1;31mERROR[0m]     4 bytes from 0x1FFEFFE3D4 (stack access)
==27076== [[1;31mERROR[0m] Segments micro-benchmarks/DRB177-fib-taskdep-yes.c:25 and micro-benchmarks/DRB177-fib-taskdep-yes.c:28 were declared independent while accessing the same memory address
==27076== [[1;31mERROR[0m]     4 bytes from 0x1FFEFFE3D4 (stack access)
==27076== [[1;31mERROR[0m] Segments micro-benchmarks/DRB177-fib-taskdep-yes.c:25 and micro-benchmarks/DRB177-fib-taskdep-yes.c:24 were declared independent while accessing the same memory address
==27076== [[1;31mERROR[0m]     4 bytes from 0x1FFEFFE3D4 (stack access)
==27076== [[1;31mERROR[0m] Segments micro-benchmarks/DRB177-fib-taskdep-yes.c:25 and micro-benchmarks/DRB177-fib-taskdep-yes.c:28 were declared independent while accessing the same memory address
==27076== [[1;31mERROR[0m]     4 bytes from 0x1FFEFFE3D4 (stack access)
==27076== [[1;31mERROR[0m] Segments micro-benchmarks/DRB177-fib-taskdep-yes.c:25 and micro-benchmarks/DRB177-fib-taskdep-yes.c:24 were declared independent while accessing the same memory address
==27076== [[1;31mERROR[0m]     4 bytes from 0x1FFEFFE3D4 (stack access)
==27076== [[1;31mERROR[0m] Segments micro-benchmarks/DRB177-fib-taskdep-yes.c:25 and micro-benchmarks/DRB177-fib-taskdep-yes.c:28 were declared independent while accessing the same memory address
==27076== [[1;31mERROR[0m]     4 bytes from 0x1FFEFFE3D4 (stack access)
==27076== [[1;31mERROR[0m] Segments micro-benchmarks/DRB177-fib-taskdep-yes.c:25 and micro-benchmarks/DRB177-fib-taskdep-yes.c:24 were declared independent while accessing the same memory address
==27076== [[1;31mERROR[0m]     4 bytes from 0x1FFEFFE3D4 (stack access)
==27076== [[1;31mERROR[0m] Segments micro-benchmarks/DRB177-fib-taskdep-yes.c:25 and micro-benchmarks/DRB177-fib-taskdep-yes.c:28 were declared independent while accessing the same memory address
==27076== [[1;31mERROR[0m]     4 bytes from 0x1FFEFFE3D4 (stack access)
==27076== [[1;31mERROR[0m] Segments micro-benchmarks/DRB177-fib-taskdep-yes.c:24 and micro-benchmarks/DRB177-fib-taskdep-yes.c:28 were declared independent while accessing the same memory address
==27076== [[1;31mERROR[0m]     4 bytes from 0x1FFEFFE124 (stack access)
==27076== [[1;31mERROR[0m] Segments micro-benchmarks/DRB177-fib-taskdep-yes.c:24 and micro-benchmarks/DRB177-fib-taskdep-yes.c:25 were declared independent while accessing the same memory address
==27076== [[1;31mERROR[0m]     4 bytes from 0x1FFEFFE124 (stack access)
==27076== [[1;31mERROR[0m] Segments micro-benchmarks/DRB177-fib-taskdep-yes.c:24 and micro-benchmarks/DRB177-fib-taskdep-yes.c:28 were declared independent while accessing the same memory address
==27076== [[1;31mERROR[0m]     4 bytes from 0x1FFEFFE124 (stack access)
==27076== [[1;31mERROR[0m] Segments micro-benchmarks/DRB177-fib-taskdep-yes.c:24 and micro-benchmarks/DRB177-fib-taskdep-yes.c:24 were declared independent while accessing the same memory address
==27076== [[1;31mERROR[0m] Segments micro-benchmarks/DRB177-fib-taskdep-yes.c:24 and micro-benchmarks/DRB177-fib-taskdep-yes.c:28 were declared independent while accessing the same memory address
==27076== [[1;31mERROR[0m]     4 bytes from 0x1FFEFFE124 (stack access)
==27076== [[1;31mERROR[0m] Segments micro-benchmarks/DRB177-fib-taskdep-yes.c:24 and micro-benchmarks/DRB177-fib-taskdep-yes.c:24 were declared independent while accessing the same memory address
==27076== [[1;31mERROR[0m] Segments micro-benchmarks/DRB177-fib-taskdep-yes.c:24 and micro-benchmarks/DRB177-fib-taskdep-yes.c:28 were declared independent while accessing the same memory address
==27076== [[1;31mERROR[0m]     4 bytes from 0x1FFEFFE124 (stack access)
==27076== [[1;31mERROR[0m] Segments micro-benchmarks/DRB177-fib-taskdep-yes.c:24 and micro-benchmarks/DRB177-fib-taskdep-yes.c:25 were declared independent while accessing the same memory address
==27076== [[1;31mERROR[0m]     4 bytes from 0x1FFEFFE124 (stack access)
==27076== [[1;31mERROR[0m] Segments micro-benchmarks/DRB177-fib-taskdep-yes.c:24 and micro-benchmarks/DRB177-fib-taskdep-yes.c:28 were declared independent while accessing the same memory address
==27076== [[1;31mERROR[0m]     4 bytes from 0x1FFEFFE124 (stack access)
==27076== [[1;31mERROR[0m] Segments micro-benchmarks/DRB177-fib-taskdep-yes.c:24 and micro-benchmarks/DRB177-fib-taskdep-yes.c:24 were declared independent while accessing the same memory address
==27076== [[1;31mERROR[0m] Segments micro-benchmarks/DRB177-fib-taskdep-yes.c:24 and micro-benchmarks/DRB177-fib-taskdep-yes.c:28 were declared independent while accessing the same memory address
==27076== [[1;31mERROR[0m]     4 bytes from 0x1FFEFFE124 (stack access)
==27076== [[1;31mERROR[0m] Segments micro-benchmarks/DRB177-fib-taskdep-yes.c:24 and micro-benchmarks/DRB177-fib-taskdep-yes.c:24 were declared independent while accessing the same memory address
==27076== [[1;31mERROR[0m] Segments micro-benchmarks/DRB177-fib-taskdep-yes.c:24 and micro-benchmarks/DRB177-fib-taskdep-yes.c:28 were declared independent while accessing the same memory address
==27076== [[1;31mERROR[0m]     4 bytes from 0x1FFEFFE124 (stack access)
==27076== [[1;31mERROR[0m] Segments micro-benchmarks/DRB177-fib-taskdep-yes.c:24 and micro-benchmarks/DRB177-fib-taskdep-yes.c:24 were declared independent while accessing the same memory address
==27076== [[1;31mERROR[0m] Segments micro-benchmarks/DRB177-fib-taskdep-yes.c:24 and micro-benchmarks/DRB177-fib-taskdep-yes.c:28 were declared independent while accessing the same memory address
==27076== [[1;31mERROR[0m]     4 bytes from 0x1FFEFFE124 (stack access)
==27076== [[1;31mERROR[0m] Segments micro-benchmarks/DRB177-fib-taskdep-yes.c:24 and micro-benchmarks/DRB177-fib-taskdep-yes.c:25 were declared independent while accessing the same memory address
==27076== [[1;31mERROR[0m]     4 bytes from 0x1FFEFFE124 (stack access)
==27076== [[1;31mERROR[0m] Segments micro-benchmarks/DRB177-fib-taskdep-yes.c:24 and micro-benchmarks/DRB177-fib-taskdep-yes.c:28 were declared independent while accessing the same memory address
==27076== [[1;31mERROR[0m]     4 bytes from 0x1FFEFFE124 (stack access)
==27076== [[1;31mERROR[0m] Segments micro-benchmarks/DRB177-fib-taskdep-yes.c:24 and micro-benchmarks/DRB177-fib-taskdep-yes.c:24 were declared independent while accessing the same memory address
==27076== [[1;31mERROR[0m] Segments micro-benchmarks/DRB177-fib-taskdep-yes.c:24 and micro-benchmarks/DRB177-fib-taskdep-yes.c:28 were declared independent while accessing the same memory address
==27076== [[1;31mERROR[0m]     4 bytes from 0x1FFEFFE124 (stack access)
==27076== [[1;31mERROR[0m] Segments micro-benchmarks/DRB177-fib-taskdep-yes.c:24 and micro-benchmarks/DRB177-fib-taskdep-yes.c:24 were declared independent while accessing the same memory address
==27076== [[1;31mERROR[0m] Segments micro-benchmarks/DRB177-fib-taskdep-yes.c:24 and micro-benchmarks/DRB177-fib-taskdep-yes.c:28 were declared independent while accessing the same memory address
==27076== [[1;31mERROR[0m]     4 bytes from 0x1FFEFFE124 (stack access)
==27076== [[1;31mERROR[0m] Segments micro-benchmarks/DRB177-fib-taskdep-yes.c:24 and micro-benchmarks/DRB177-fib-taskdep-yes.c:24 were declared independent while accessing the same memory address
==27076== [[1;31mERROR[0m] Segments micro-benchmarks/DRB177-fib-taskdep-yes.c:24 and micro-benchmarks/DRB177-fib-taskdep-yes.c:28 were declared independent while accessing the same memory address
==27076== [[1;31mERROR[0m]     4 bytes from 0x1FFEFFE124 (stack access)
==27076== [[1;31mERROR[0m] Segments micro-benchmarks/DRB177-fib-taskdep-yes.c:24 and micro-benchmarks/DRB177-fib-taskdep-yes.c:24 were declared independent while accessing the same memory address
==27076== [[1;31mERROR[0m] Segments micro-benchmarks/DRB177-fib-taskdep-yes.c:24 and micro-benchmarks/DRB177-fib-taskdep-yes.c:28 were declared independent while accessing the same memory address
==27076== [[1;31mERROR[0m]     4 bytes from 0x1FFEFFE124 (stack access)
==27076== [[1;31mERROR[0m] Segments micro-benchmarks/DRB177-fib-taskdep-yes.c:24 and micro-benchmarks/DRB177-fib-taskdep-yes.c:25 were declared independent while accessing the same memory address
==27076== [[1;31mERROR[0m]     4 bytes from 0x1FFEFFE124 (stack access)
==27076== [[1;31mERROR[0m] Segments micro-benchmarks/DRB177-fib-taskdep-yes.c:24 and micro-benchmarks/DRB177-fib-taskdep-yes.c:28 were declared independent while accessing the same memory address
==27076== [[1;31mERROR[0m]     4 bytes from 0x1FFEFFE124 (stack access)
==27076== [[1;31mERROR[0m] Segments micro-benchmarks/DRB177-fib-taskdep-yes.c:24 and micro-benchmarks/DRB177-fib-taskdep-yes.c:24 were declared independent while accessing the same memory address
==27076== [[1;31mERROR[0m] Segments micro-benchmarks/DRB177-fib-taskdep-yes.c:24 and micro-benchmarks/DRB177-fib-taskdep-yes.c:28 were declared independent while accessing the same memory address
==27076== [[1;31mERROR[0m]     4 bytes from 0x1FFEFFE124 (stack access)
==27076== [[1;31mERROR[0m] Segments micro-benchmarks/DRB177-fib-taskdep-yes.c:24 and micro-benchmarks/DRB177-fib-taskdep-yes.c:24 were declared independent while accessing the same memory address
==27076== [[1;31mERROR[0m] Segments micro-benchmarks/DRB177-fib-taskdep-yes.c:24 and micro-benchmarks/DRB177-fib-taskdep-yes.c:28 were declared independent while accessing the same memory address
==27076== [[1;31mERROR[0m]     4 bytes from 0x1FFEFFE124 (stack access)
==27076== [[1;31mERROR[0m] Segments micro-benchmarks/DRB177-fib-taskdep-yes.c:24 and micro-benchmarks/DRB177-fib-taskdep-yes.c:24 were declared independent while accessing the same memory address
==27076== [[1;31mERROR[0m] Segments micro-benchmarks/DRB177-fib-taskdep-yes.c:24 and micro-benchmarks/DRB177-fib-taskdep-yes.c:28 were declared independent while accessing the same memory address
==27076== [[1;31mERROR[0m]     4 bytes from 0x1FFEFFE124 (stack access)
==27076== [[1;31mERROR[0m] Segments micro-benchmarks/DRB177-fib-taskdep-yes.c:24 and micro-benchmarks/DRB177-fib-taskdep-yes.c:24 were declared independent while accessing the same memory address
==27076== [[1;31mERROR[0m] Segments micro-benchmarks/DRB177-fib-taskdep-yes.c:24 and micro-benchmarks/DRB177-fib-taskdep-yes.c:28 were declared independent while accessing the same memory address
==27076== [[1;31mERROR[0m]     4 bytes from 0x1FFEFFE124 (stack access)
==27076== [[1;31mERROR[0m] Segments micro-benchmarks/DRB177-fib-taskdep-yes.c:24 and micro-benchmarks/DRB177-fib-taskdep-yes.c:24 were declared independent while accessing the same memory address
==27076== [[1;31mERROR[0m] Segments micro-benchmarks/DRB177-fib-taskdep-yes.c:24 and micro-benchmarks/DRB177-fib-taskdep-yes.c:28 were declared independent while accessing the same memory address
==27076== [[1;31mERROR[0m]     4 bytes from 0x1FFEFFE124 (stack access)
==27076== [[1;31mERROR[0m] Segments micro-benchmarks/DRB177-fib-taskdep-yes.c:26 and micro-benchmarks/DRB177-fib-taskdep-yes.c:26 were declared independent while accessing the same memory address
==27076== [[1;31mERROR[0m] Segments micro-benchmarks/DRB177-fib-taskdep-yes.c:26 and micro-benchmarks/DRB177-fib-taskdep-yes.c:28 were declared independent while accessing the same memory address
==27076== [[1;31mERROR[0m]     4 bytes from 0x1FFEFFE120 (stack access)
==27076== [[1;31mERROR[0m] Segments micro-benchmarks/DRB177-fib-taskdep-yes.c:26 and micro-benchmarks/DRB177-fib-taskdep-yes.c:26 were declared independent while accessing the same memory address
==27076== [[1;31mERROR[0m] Segments micro-benchmarks/DRB177-fib-taskdep-yes.c:26 and micro-benchmarks/DRB177-fib-taskdep-yes.c:28 were declared independent while accessing the same memory address
==27076== [[1;31mERROR[0m]     4 bytes from 0x1FFEFFE120 (stack access)
==27076== [[1;31mERROR[0m] Segments micro-benchmarks/DRB177-fib-taskdep-yes.c:26 and micro-benchmarks/DRB177-fib-taskdep-yes.c:26 were declared independent while accessing the same memory address
==27076== [[1;31mERROR[0m] Segments micro-benchmarks/DRB177-fib-taskdep-yes.c:26 and micro-benchmarks/DRB177-fib-taskdep-yes.c:28 were declared independent while accessing the same memory address
==27076== [[1;31mERROR[0m]     4 bytes from 0x1FFEFFE120 (stack access)
==27076== [[1;31mERROR[0m] Segments micro-benchmarks/DRB177-fib-taskdep-yes.c:26 and micro-benchmarks/DRB177-fib-taskdep-yes.c:26 were declared independent while accessing the same memory address
==27076== [[1;31mERROR[0m] Segments micro-benchmarks/DRB177-fib-taskdep-yes.c:26 and micro-benchmarks/DRB177-fib-taskdep-yes.c:28 were declared independent while accessing the same memory address
==27076== [[1;31mERROR[0m]     4 bytes from 0x1FFEFFE120 (stack access)
==27076== [[1;31mERROR[0m] Segments micro-benchmarks/DRB177-fib-taskdep-yes.c:26 and micro-benchmarks/DRB177-fib-taskdep-yes.c:26 were declared independent while accessing the same memory address
==27076== [[1;31mERROR[0m] Segments micro-benchmarks/DRB177-fib-taskdep-yes.c:26 and micro-benchmarks/DRB177-fib-taskdep-yes.c:28 were declared independent while accessing the same memory address
==27076== [[1;31mERROR[0m]     4 bytes from 0x1FFEFFE120 (stack access)
==27076== [[1;31mERROR[0m] Segments micro-benchmarks/DRB177-fib-taskdep-yes.c:26 and micro-benchmarks/DRB177-fib-taskdep-yes.c:26 were declared independent while accessing the same memory address
==27076== [[1;31mERROR[0m] Segments micro-benchmarks/DRB177-fib-taskdep-yes.c:26 and micro-benchmarks/DRB177-fib-taskdep-yes.c:28 were declared independent while accessing the same memory address
==27076== [[1;31mERROR[0m]     4 bytes from 0x1FFEFFE120 (stack access)
==27076== [[1;31mERROR[0m] Segments micro-benchmarks/DRB177-fib-taskdep-yes.c:26 and micro-benchmarks/DRB177-fib-taskdep-yes.c:26 were declared independent while accessing the same memory address
==27076== [[1;31mERROR[0m] Segments micro-benchmarks/DRB177-fib-taskdep-yes.c:26 and micro-benchmarks/DRB177-fib-taskdep-yes.c:28 were declared independent while accessing the same memory address
==27076== [[1;31mERROR[0m]     4 bytes from 0x1FFEFFE120 (stack access)
==27076== [[1;31mERROR[0m] Segments micro-benchmarks/DRB177-fib-taskdep-yes.c:26 and micro-benchmarks/DRB177-fib-taskdep-yes.c:26 were declared independent while accessing the same memory address
==27076== [[1;31mERROR[0m] Segments micro-benchmarks/DRB177-fib-taskdep-yes.c:26 and micro-benchmarks/DRB177-fib-taskdep-yes.c:28 were declared independent while accessing the same memory address
==27076== [[1;31mERROR[0m]     4 bytes from 0x1FFEFFE120 (stack access)
==27076== [[1;31mERROR[0m] Segments micro-benchmarks/DRB177-fib-taskdep-yes.c:26 and micro-benchmarks/DRB177-fib-taskdep-yes.c:26 were declared independent while accessing the same memory address
==27076== [[1;31mERROR[0m] Segments micro-benchmarks/DRB177-fib-taskdep-yes.c:26 and micro-benchmarks/DRB177-fib-taskdep-yes.c:28 were declared independent while accessing the same memory address
==27076== [[1;31mERROR[0m]     4 bytes from 0x1FFEFFE120 (stack access)
==27076== [[1;31mERROR[0m] Segments micro-benchmarks/DRB177-fib-taskdep-yes.c:26 and micro-benchmarks/DRB177-fib-taskdep-yes.c:26 were declared independent while accessing the same memory address
==27076== [[1;31mERROR[0m] Segments micro-benchmarks/DRB177-fib-taskdep-yes.c:26 and micro-benchmarks/DRB177-fib-taskdep-yes.c:28 were declared independent while accessing the same memory address
==27076== [[1;31mERROR[0m]     4 bytes from 0x1FFEFFE120 (stack access)
==27076== [[1;31mERROR[0m] Segments micro-benchmarks/DRB177-fib-taskdep-yes.c:26 and micro-benchmarks/DRB177-fib-taskdep-yes.c:26 were declared independent while accessing the same memory address
==27076== [[1;31mERROR[0m] Segments micro-benchmarks/DRB177-fib-taskdep-yes.c:26 and micro-benchmarks/DRB177-fib-taskdep-yes.c:28 were declared independent while accessing the same memory address
==27076== [[1;31mERROR[0m]     4 bytes from 0x1FFEFFE120 (stack access)
==27076== [[1;31mERROR[0m] Segments micro-benchmarks/DRB177-fib-taskdep-yes.c:26 and micro-benchmarks/DRB177-fib-taskdep-yes.c:26 were declared independent while accessing the same memory address
==27076== [[1;31mERROR[0m] Segments micro-benchmarks/DRB177-fib-taskdep-yes.c:26 and micro-benchmarks/DRB177-fib-taskdep-yes.c:28 were declared independent while accessing the same memory address
==27076== [[1;31mERROR[0m]     4 bytes from 0x1FFEFFE120 (stack access)
==27076== [[1;31mERROR[0m] Segments micro-benchmarks/DRB177-fib-taskdep-yes.c:26 and micro-benchmarks/DRB177-fib-taskdep-yes.c:26 were declared independent while accessing the same memory address
==27076== [[1;31mERROR[0m] Segments micro-benchmarks/DRB177-fib-taskdep-yes.c:26 and micro-benchmarks/DRB177-fib-taskdep-yes.c:28 were declared independent while accessing the same memory address
==27076== [[1;31mERROR[0m]     4 bytes from 0x1FFEFFE120 (stack access)
==27076== [[1;31mERROR[0m] Segments micro-benchmarks/DRB177-fib-taskdep-yes.c:26 and micro-benchmarks/DRB177-fib-taskdep-yes.c:26 were declared independent while accessing the same memory address
==27076== [[1;31mERROR[0m] Segments micro-benchmarks/DRB177-fib-taskdep-yes.c:26 and micro-benchmarks/DRB177-fib-taskdep-yes.c:28 were declared independent while accessing the same memory address
==27076== [[1;31mERROR[0m]     4 bytes from 0x1FFEFFE120 (stack access)
==27076== [[1;31mERROR[0m] Segments micro-benchmarks/DRB177-fib-taskdep-yes.c:26 and micro-benchmarks/DRB177-fib-taskdep-yes.c:26 were declared independent while accessing the same memory address
==27076== [[1;31mERROR[0m] Segments micro-benchmarks/DRB177-fib-taskdep-yes.c:26 and micro-benchmarks/DRB177-fib-taskdep-yes.c:28 were declared independent while accessing the same memory address
==27076== [[1;31mERROR[0m]     4 bytes from 0x1FFEFFE120 (stack access)
==27076== [[1;31mERROR[0m] Segments micro-benchmarks/DRB177-fib-taskdep-yes.c:26 and micro-benchmarks/DRB177-fib-taskdep-yes.c:26 were declared independent while accessing the same memory address
==27076== [[1;31mERROR[0m] Segments micro-benchmarks/DRB177-fib-taskdep-yes.c:26 and micro-benchmarks/DRB177-fib-taskdep-yes.c:28 were declared independent while accessing the same memory address
==27076== [[1;31mERROR[0m]     4 bytes from 0x1FFEFFE120 (stack access)
==27076== [[1;31mERROR[0m] Segments micro-benchmarks/DRB177-fib-taskdep-yes.c:26 and micro-benchmarks/DRB177-fib-taskdep-yes.c:26 were declared independent while accessing the same memory address
==27076== [[1;31mERROR[0m] Segments micro-benchmarks/DRB177-fib-taskdep-yes.c:26 and micro-benchmarks/DRB177-fib-taskdep-yes.c:28 were declared independent while accessing the same memory address
==27076== [[1;31mERROR[0m]     4 bytes from 0x1FFEFFE120 (stack access)
==27076== [[1;31mERROR[0m] Segments micro-benchmarks/DRB177-fib-taskdep-yes.c:26 and micro-benchmarks/DRB177-fib-taskdep-yes.c:26 were declared independent while accessing the same memory address
==27076== [[1;31mERROR[0m] Segments micro-benchmarks/DRB177-fib-taskdep-yes.c:26 and micro-benchmarks/DRB177-fib-taskdep-yes.c:28 were declared independent while accessing the same memory address
==27076== [[1;31mERROR[0m]     4 bytes from 0x1FFEFFE120 (stack access)
==27076== [[1;31mERROR[0m] Segments micro-benchmarks/DRB177-fib-taskdep-yes.c:28 and micro-benchmarks/DRB177-fib-taskdep-yes.c:25 were declared independent while accessing the same memory address
==27076== [[1;31mERROR[0m]     4 bytes from 0x1FFEFFE124 (stack access)
==27076== [[1;31mERROR[0m] Segments micro-benchmarks/DRB177-fib-taskdep-yes.c:28 and micro-benchmarks/DRB177-fib-taskdep-yes.c:26 were declared independent while accessing the same memory address
==27076== [[1;31mERROR[0m]     4 bytes from 0x1FFEFFE120 (stack access)
==27076== [[1;31mERROR[0m] Segments micro-benchmarks/DRB177-fib-taskdep-yes.c:28 and micro-benchmarks/DRB177-fib-taskdep-yes.c:24 were declared independent while accessing the same memory address
==27076== [[1;31mERROR[0m]     4 bytes from 0x1FFEFFE124 (stack access)
==27076== [[1;31mERROR[0m] Segments micro-benchmarks/DRB177-fib-taskdep-yes.c:28 and micro-benchmarks/DRB177-fib-taskdep-yes.c:26 were declared independent while accessing the same memory address
==27076== [[1;31mERROR[0m]     4 bytes from 0x1FFEFFE120 (stack access)
==27076== [[1;31mERROR[0m] Segments micro-benchmarks/DRB177-fib-taskdep-yes.c:28 and micro-benchmarks/DRB177-fib-taskdep-yes.c:24 were declared independent while accessing the same memory address
==27076== [[1;31mERROR[0m]     4 bytes from 0x1FFEFFE124 (stack access)
==27076== [[1;31mERROR[0m] Segments micro-benchmarks/DRB177-fib-taskdep-yes.c:28 and micro-benchmarks/DRB177-fib-taskdep-yes.c:26 were declared independent while accessing the same memory address
==27076== [[1;31mERROR[0m]     4 bytes from 0x1FFEFFE120 (stack access)
==27076== [[1;31mERROR[0m] Segments micro-benchmarks/DRB177-fib-taskdep-yes.c:28 and micro-benchmarks/DRB177-fib-taskdep-yes.c:25 were declared independent while accessing the same memory address
==27076== [[1;31mERROR[0m]     4 bytes from 0x1FFEFFE124 (stack access)
==27076== [[1;31mERROR[0m] Segments micro-benchmarks/DRB177-fib-taskdep-yes.c:28 and micro-benchmarks/DRB177-fib-taskdep-yes.c:26 were declared independent while accessing the same memory address
==27076== [[1;31mERROR[0m]     4 bytes from 0x1FFEFFE120 (stack access)
==27076== [[1;31mERROR[0m] Segments micro-benchmarks/DRB177-fib-taskdep-yes.c:28 and micro-benchmarks/DRB177-fib-taskdep-yes.c:24 were declared independent while accessing the same memory address
==27076== [[1;31mERROR[0m]     4 bytes from 0x1FFEFFE124 (stack access)
==27076== [[1;31mERROR[0m] Segments micro-benchmarks/DRB177-fib-taskdep-yes.c:28 and micro-benchmarks/DRB177-fib-taskdep-yes.c:26 were declared independent while accessing the same memory address
==27076== [[1;31mERROR[0m]     4 bytes from 0x1FFEFFE120 (stack access)
==27076== [[1;31mERROR[0m] Segments micro-benchmarks/DRB177-fib-taskdep-yes.c:28 and micro-benchmarks/DRB177-fib-taskdep-yes.c:24 were declared independent while accessing the same memory address
==27076== [[1;31mERROR[0m]     4 bytes from 0x1FFEFFE124 (stack access)
==27076== [[1;31mERROR[0m] Segments micro-benchmarks/DRB177-fib-taskdep-yes.c:28 and micro-benchmarks/DRB177-fib-taskdep-yes.c:26 were declared independent while accessing the same memory address
==27076== [[1;31mERROR[0m]     4 bytes from 0x1FFEFFE120 (stack access)
==27076== [[1;31mERROR[0m] Segments micro-benchmarks/DRB177-fib-taskdep-yes.c:28 and micro-benchmarks/DRB177-fib-taskdep-yes.c:24 were declared independent while accessing the same memory address
==27076== [[1;31mERROR[0m]     4 bytes from 0x1FFEFFE124 (stack access)
==27076== [[1;31mERROR[0m] Segments micro-benchmarks/DRB177-fib-taskdep-yes.c:28 and micro-benchmarks/DRB177-fib-taskdep-yes.c:26 were declared independent while accessing the same memory address
==27076== [[1;31mERROR[0m]     4 bytes from 0x1FFEFFE120 (stack access)
==27076== [[1;31mERROR[0m] Segments micro-benchmarks/DRB177-fib-taskdep-yes.c:28 and micro-benchmarks/DRB177-fib-taskdep-yes.c:25 were declared independent while accessing the same memory address
==27076== [[1;31mERROR[0m]     4 bytes from 0x1FFEFFE124 (stack access)
==27076== [[1;31mERROR[0m] Segments micro-benchmarks/DRB177-fib-taskdep-yes.c:28 and micro-benchmarks/DRB177-fib-taskdep-yes.c:26 were declared independent while accessing the same memory address
==27076== [[1;31mERROR[0m]     4 bytes from 0x1FFEFFE120 (stack access)
==27076== [[1;31mERROR[0m] Segments micro-benchmarks/DRB177-fib-taskdep-yes.c:28 and micro-benchmarks/DRB177-fib-taskdep-yes.c:24 were declared independent while accessing the same memory address
==27076== [[1;31mERROR[0m]     4 bytes from 0x1FFEFFE124 (stack access)
==27076== [[1;31mERROR[0m] Segments micro-benchmarks/DRB177-fib-taskdep-yes.c:28 and micro-benchmarks/DRB177-fib-taskdep-yes.c:26 were declared independent while accessing the same memory address
==27076== [[1;31mERROR[0m]     4 bytes from 0x1FFEFFE120 (stack access)
==27076== [[1;31mERROR[0m] Segments micro-benchmarks/DRB177-fib-taskdep-yes.c:28 and micro-benchmarks/DRB177-fib-taskdep-yes.c:24 were declared independent while accessing the same memory address
==27076== [[1;31mERROR[0m]     4 bytes from 0x1FFEFFE124 (stack access)
==27076== [[1;31mERROR[0m] Segments micro-benchmarks/DRB177-fib-taskdep-yes.c:28 and micro-benchmarks/DRB177-fib-taskdep-yes.c:26 were declared independent while accessing the same memory address
==27076== [[1;31mERROR[0m]     4 bytes from 0x1FFEFFE120 (stack access)
==27076== [[1;31mERROR[0m] Segments micro-benchmarks/DRB177-fib-taskdep-yes.c:28 and micro-benchmarks/DRB177-fib-taskdep-yes.c:24 were declared independent while accessing the same memory address
==27076== [[1;31mERROR[0m]     4 bytes from 0x1FFEFFE124 (stack access)
==27076== [[1;31mERROR[0m] Segments micro-benchmarks/DRB177-fib-taskdep-yes.c:28 and micro-benchmarks/DRB177-fib-taskdep-yes.c:26 were declared independent while accessing the same memory address
==27076== [[1;31mERROR[0m]     4 bytes from 0x1FFEFFE120 (stack access)
==27076== [[1;31mERROR[0m] Segments micro-benchmarks/DRB177-fib-taskdep-yes.c:28 and micro-benchmarks/DRB177-fib-taskdep-yes.c:24 were declared independent while accessing the same memory address
==27076== [[1;31mERROR[0m]     4 bytes from 0x1FFEFFE124 (stack access)
==27076== [[1;31mERROR[0m] Segments micro-benchmarks/DRB177-fib-taskdep-yes.c:28 and micro-benchmarks/DRB177-fib-taskdep-yes.c:26 were declared independent while accessing the same memory address
==27076== [[1;31mERROR[0m]     4 bytes from 0x1FFEFFE120 (stack access)
==27076== [[1;31mERROR[0m] Segments micro-benchmarks/DRB177-fib-taskdep-yes.c:28 and micro-benchmarks/DRB177-fib-taskdep-yes.c:25 were declared independent while accessing the same memory address
==27076== [[1;31mERROR[0m]     4 bytes from 0x1FFEFFE124 (stack access)
==27076== [[1;31mERROR[0m] Segments micro-benchmarks/DRB177-fib-taskdep-yes.c:28 and micro-benchmarks/DRB177-fib-taskdep-yes.c:26 were declared independent while accessing the same memory address
==27076== [[1;31mERROR[0m]     4 bytes from 0x1FFEFFE120 (stack access)
==27076== [[1;31mERROR[0m] Segments micro-benchmarks/DRB177-fib-taskdep-yes.c:28 and micro-benchmarks/DRB177-fib-taskdep-yes.c:24 were declared independent while accessing the same memory address
==27076== [[1;31mERROR[0m]     4 bytes from 0x1FFEFFE124 (stack access)
==27076== [[1;31mERROR[0m] Segments micro-benchmarks/DRB177-fib-taskdep-yes.c:28 and micro-benchmarks/DRB177-fib-taskdep-yes.c:26 were declared independent while accessing the same memory address
==27076== [[1;31mERROR[0m]     4 bytes from 0x1FFEFFE120 (stack access)
==27076== [[1;31mERROR[0m] Segments micro-benchmarks/DRB177-fib-taskdep-yes.c:28 and micro-benchmarks/DRB177-fib-taskdep-yes.c:24 were declared independent while accessing the same memory address
==27076== [[1;31mERROR[0m]     4 bytes from 0x1FFEFFE124 (stack access)
==27076== [[1;31mERROR[0m] Segments micro-benchmarks/DRB177-fib-taskdep-yes.c:28 and micro-benchmarks/DRB177-fib-taskdep-yes.c:26 were declared independent while accessing the same memory address
==27076== [[1;31mERROR[0m]     4 bytes from 0x1FFEFFE120 (stack access)
==27076== [[1;31mERROR[0m] Segments micro-benchmarks/DRB177-fib-taskdep-yes.c:28 and micro-benchmarks/DRB177-fib-taskdep-yes.c:24 were declared independent while accessing the same memory address
==27076== [[1;31mERROR[0m]     4 bytes from 0x1FFEFFE124 (stack access)
==27076== [[1;31mERROR[0m] Segments micro-benchmarks/DRB177-fib-taskdep-yes.c:28 and micro-benchmarks/DRB177-fib-taskdep-yes.c:26 were declared independent while accessing the same memory address
==27076== [[1;31mERROR[0m]     4 bytes from 0x1FFEFFE120 (stack access)
==27076== [[1;31mERROR[0m] Segments micro-benchmarks/DRB177-fib-taskdep-yes.c:28 and micro-benchmarks/DRB177-fib-taskdep-yes.c:24 were declared independent while accessing the same memory address
==27076== [[1;31mERROR[0m]     4 bytes from 0x1FFEFFE124 (stack access)
==27076== [[1;31mERROR[0m] Segments micro-benchmarks/DRB177-fib-taskdep-yes.c:28 and micro-benchmarks/DRB177-fib-taskdep-yes.c:26 were declared independent while accessing the same memory address
==27076== [[1;31mERROR[0m]     4 bytes from 0x1FFEFFE120 (stack access)
==27076== [[1;31mERROR[0m] Segments micro-benchmarks/DRB177-fib-taskdep-yes.c:28 and micro-benchmarks/DRB177-fib-taskdep-yes.c:24 were declared independent while accessing the same memory address
==27076== [[1;31mERROR[0m]     4 bytes from 0x1FFEFFE124 (stack access)
==27076== [[1;31mERROR[0m] Segments micro-benchmarks/DRB177-fib-taskdep-yes.c:28 and micro-benchmarks/DRB177-fib-taskdep-yes.c:26 were declared independent while accessing the same memory address
==27076== [[1;31mERROR[0m]     4 bytes from 0x1FFEFFE120 (stack access)
==27076== [[1;31mERROR[0m] Segments micro-benchmarks/DRB177-fib-taskdep-yes.c:27 and micro-benchmarks/DRB177-fib-taskdep-yes.c:27 were declared independent while accessing the same memory address
==27076== [[1;31mERROR[0m]     4 bytes from 0x1FFEFFE3D0 (stack access)
==27076== [[1;31mERROR[0m] Segments micro-benchmarks/DRB177-fib-taskdep-yes.c:27 and micro-benchmarks/DRB177-fib-taskdep-yes.c:28 were declared independent while accessing the same memory address
==27076== [[1;31mERROR[0m]     4 bytes from 0x1FFEFFE3D0 (stack access)
==27076== [[1;31mERROR[0m] Segments micro-benchmarks/DRB177-fib-taskdep-yes.c:27 and micro-benchmarks/DRB177-fib-taskdep-yes.c:26 were declared independent while accessing the same memory address
==27076== [[1;31mERROR[0m]     4 bytes from 0x1FFEFFE3D0 (stack access)
==27076== [[1;31mERROR[0m] Segments micro-benchmarks/DRB177-fib-taskdep-yes.c:27 and micro-benchmarks/DRB177-fib-taskdep-yes.c:28 were declared independent while accessing the same memory address
==27076== [[1;31mERROR[0m]     4 bytes from 0x1FFEFFE3D0 (stack access)
==27076== [[1;31mERROR[0m] Segments micro-benchmarks/DRB177-fib-taskdep-yes.c:27 and micro-benchmarks/DRB177-fib-taskdep-yes.c:27 were declared independent while accessing the same memory address
==27076== [[1;31mERROR[0m]     4 bytes from 0x1FFEFFE3D0 (stack access)
==27076== [[1;31mERROR[0m] Segments micro-benchmarks/DRB177-fib-taskdep-yes.c:27 and micro-benchmarks/DRB177-fib-taskdep-yes.c:28 were declared independent while accessing the same memory address
==27076== [[1;31mERROR[0m]     4 bytes from 0x1FFEFFE3D0 (stack access)
==27076== [[1;31mERROR[0m] Segments micro-benchmarks/DRB177-fib-taskdep-yes.c:27 and micro-benchmarks/DRB177-fib-taskdep-yes.c:26 were declared independent while accessing the same memory address
==27076== [[1;31mERROR[0m]     4 bytes from 0x1FFEFFE3D0 (stack access)
==27076== [[1;31mERROR[0m] Segments micro-benchmarks/DRB177-fib-taskdep-yes.c:27 and micro-benchmarks/DRB177-fib-taskdep-yes.c:28 were declared independent while accessing the same memory address
==27076== [[1;31mERROR[0m]     4 bytes from 0x1FFEFFE3D0 (stack access)
==27076== [[1;31mERROR[0m] Segments micro-benchmarks/DRB177-fib-taskdep-yes.c:27 and micro-benchmarks/DRB177-fib-taskdep-yes.c:26 were declared independent while accessing the same memory address
==27076== [[1;31mERROR[0m]     4 bytes from 0x1FFEFFE3D0 (stack access)
==27076== [[1;31mERROR[0m] Segments micro-benchmarks/DRB177-fib-taskdep-yes.c:27 and micro-benchmarks/DRB177-fib-taskdep-yes.c:28 were declared independent while accessing the same memory address
==27076== [[1;31mERROR[0m]     4 bytes from 0x1FFEFFE3D0 (stack access)
==27076== [[1;31mERROR[0m] Segments micro-benchmarks/DRB177-fib-taskdep-yes.c:27 and micro-benchmarks/DRB177-fib-taskdep-yes.c:26 were declared independent while accessing the same memory address
==27076== [[1;31mERROR[0m]     4 bytes from 0x1FFEFFE3D0 (stack access)
==27076== [[1;31mERROR[0m] Segments micro-benchmarks/DRB177-fib-taskdep-yes.c:27 and micro-benchmarks/DRB177-fib-taskdep-yes.c:28 were declared independent while accessing the same memory address
==27076== [[1;31mERROR[0m]     4 bytes from 0x1FFEFFE3D0 (stack access)
==27076== [[1;31mERROR[0m] Segments micro-benchmarks/DRB177-fib-taskdep-yes.c:27 and micro-benchmarks/DRB177-fib-taskdep-yes.c:27 were declared independent while accessing the same memory address
==27076== [[1;31mERROR[0m]     4 bytes from 0x1FFEFFE3D0 (stack access)
==27076== [[1;31mERROR[0m] Segments micro-benchmarks/DRB177-fib-taskdep-yes.c:27 and micro-benchmarks/DRB177-fib-taskdep-yes.c:28 were declared independent while accessing the same memory address
==27076== [[1;31mERROR[0m]     4 bytes from 0x1FFEFFE3D0 (stack access)
==27076== [[1;31mERROR[0m] Segments micro-benchmarks/DRB177-fib-taskdep-yes.c:27 and micro-benchmarks/DRB177-fib-taskdep-yes.c:26 were declared independent while accessing the same memory address
==27076== [[1;31mERROR[0m]     4 bytes from 0x1FFEFFE3D0 (stack access)
==27076== [[1;31mERROR[0m] Segments micro-benchmarks/DRB177-fib-taskdep-yes.c:27 and micro-benchmarks/DRB177-fib-taskdep-yes.c:28 were declared independent while accessing the same memory address
==27076== [[1;31mERROR[0m]     4 bytes from 0x1FFEFFE3D0 (stack access)
==27076== [[1;31mERROR[0m] Segments micro-benchmarks/DRB177-fib-taskdep-yes.c:27 and micro-benchmarks/DRB177-fib-taskdep-yes.c:26 were declared independent while accessing the same memory address
==27076== [[1;31mERROR[0m]     4 bytes from 0x1FFEFFE3D0 (stack access)
==27076== [[1;31mERROR[0m] Segments micro-benchmarks/DRB177-fib-taskdep-yes.c:27 and micro-benchmarks/DRB177-fib-taskdep-yes.c:28 were declared independent while accessing the same memory address
==27076== [[1;31mERROR[0m]     4 bytes from 0x1FFEFFE3D0 (stack access)
==27076== [[1;31mERROR[0m] Segments micro-benchmarks/DRB177-fib-taskdep-yes.c:27 and micro-benchmarks/DRB177-fib-taskdep-yes.c:26 were declared independent while accessing the same memory address
==27076== [[1;31mERROR[0m]     4 bytes from 0x1FFEFFE3D0 (stack access)
==27076== [[1;31mERROR[0m] Segments micro-benchmarks/DRB177-fib-taskdep-yes.c:27 and micro-benchmarks/DRB177-fib-taskdep-yes.c:28 were declared independent while accessing the same memory address
==27076== [[1;31mERROR[0m]     4 bytes from 0x1FFEFFE3D0 (stack access)
==27076== [[1;31mERROR[0m] Segments micro-benchmarks/DRB177-fib-taskdep-yes.c:27 and micro-benchmarks/DRB177-fib-taskdep-yes.c:26 were declared independent while accessing the same memory address
==27076== [[1;31mERROR[0m]     4 bytes from 0x1FFEFFE3D0 (stack access)
==27076== [[1;31mERROR[0m] Segments micro-benchmarks/DRB177-fib-taskdep-yes.c:27 and micro-benchmarks/DRB177-fib-taskdep-yes.c:28 were declared independent while accessing the same memory address
==27076== [[1;31mERROR[0m]     4 bytes from 0x1FFEFFE3D0 (stack access)
==27076== [[1;31mERROR[0m] Segments micro-benchmarks/DRB177-fib-taskdep-yes.c:27 and micro-benchmarks/DRB177-fib-taskdep-yes.c:26 were declared independent while accessing the same memory address
==27076== [[1;31mERROR[0m]     4 bytes from 0x1FFEFFE3D0 (stack access)
==27076== [[1;31mERROR[0m] Segments micro-benchmarks/DRB177-fib-taskdep-yes.c:27 and micro-benchmarks/DRB177-fib-taskdep-yes.c:28 were declared independent while accessing the same memory address
==27076== [[1;31mERROR[0m]     4 bytes from 0x1FFEFFE3D0 (stack access)
==27076== [[1;31mERROR[0m] Segments micro-benchmarks/DRB177-fib-taskdep-yes.c:27 and micro-benchmarks/DRB177-fib-taskdep-yes.c:26 were declared independent while accessing the same memory address
==27076== [[1;31mERROR[0m]     4 bytes from 0x1FFEFFE3D0 (stack access)
==27076== [[1;31mERROR[0m] Segments micro-benchmarks/DRB177-fib-taskdep-yes.c:27 and micro-benchmarks/DRB177-fib-taskdep-yes.c:28 were declared independent while accessing the same memory address
==27076== [[1;31mERROR[0m]     4 bytes from 0x1FFEFFE3D0 (stack access)
==27076== [[1;31mERROR[0m] Segments micro-benchmarks/DRB177-fib-taskdep-yes.c:27 and micro-benchmarks/DRB177-fib-taskdep-yes.c:27 were declared independent while accessing the same memory address
==27076== [[1;31mERROR[0m]     4 bytes from 0x1FFEFFE3D0 (stack access)
==27076== [[1;31mERROR[0m] Segments micro-benchmarks/DRB177-fib-taskdep-yes.c:27 and micro-benchmarks/DRB177-fib-taskdep-yes.c:28 were declared independent while accessing the same memory address
==27076== [[1;31mERROR[0m]     4 bytes from 0x1FFEFFE3D0 (stack access)
==27076== [[1;31mERROR[0m] Segments micro-benchmarks/DRB177-fib-taskdep-yes.c:27 and micro-benchmarks/DRB177-fib-taskdep-yes.c:26 were declared independent while accessing the same memory address
==27076== [[1;31mERROR[0m]     4 bytes from 0x1FFEFFE3D0 (stack access)
==27076== [[1;31mERROR[0m] Segments micro-benchmarks/DRB177-fib-taskdep-yes.c:27 and micro-benchmarks/DRB177-fib-taskdep-yes.c:28 were declared independent while accessing the same memory address
==27076== [[1;31mERROR[0m]     4 bytes from 0x1FFEFFE3D0 (stack access)
==27076== [[1;31mERROR[0m] Segments micro-benchmarks/DRB177-fib-taskdep-yes.c:27 and micro-benchmarks/DRB177-fib-taskdep-yes.c:26 were declared independent while accessing the same memory address
==27076== [[1;31mERROR[0m]     4 bytes from 0x1FFEFFE3D0 (stack access)
==27076== [[1;31mERROR[0m] Segments micro-benchmarks/DRB177-fib-taskdep-yes.c:27 and micro-benchmarks/DRB177-fib-taskdep-yes.c:28 were declared independent while accessing the same memory address
==27076== [[1;31mERROR[0m]     4 bytes from 0x1FFEFFE3D0 (stack access)
==27076== [[1;31mERROR[0m] Segments micro-benchmarks/DRB177-fib-taskdep-yes.c:27 and micro-benchmarks/DRB177-fib-taskdep-yes.c:26 were declared independent while accessing the same memory address
==27076== [[1;31mERROR[0m]     4 bytes from 0x1FFEFFE3D0 (stack access)
==27076== [[1;31mERROR[0m] Segments micro-benchmarks/DRB177-fib-taskdep-yes.c:27 and micro-benchmarks/DRB177-fib-taskdep-yes.c:28 were declared independent while accessing the same memory address
==27076== [[1;31mERROR[0m]     4 bytes from 0x1FFEFFE3D0 (stack access)
==27076== [[1;31mERROR[0m] Segments micro-benchmarks/DRB177-fib-taskdep-yes.c:27 and micro-benchmarks/DRB177-fib-taskdep-yes.c:26 were declared independent while accessing the same memory address
==27076== [[1;31mERROR[0m]     4 bytes from 0x1FFEFFE3D0 (stack access)
==27076== [[1;31mERROR[0m] Segments micro-benchmarks/DRB177-fib-taskdep-yes.c:27 and micro-benchmarks/DRB177-fib-taskdep-yes.c:28 were declared independent while accessing the same memory address
==27076== [[1;31mERROR[0m]     4 bytes from 0x1FFEFFE3D0 (stack access)
==27076== [[1;31mERROR[0m] Segments micro-benchmarks/DRB177-fib-taskdep-yes.c:27 and micro-benchmarks/DRB177-fib-taskdep-yes.c:26 were declared independent while accessing the same memory address
==27076== [[1;31mERROR[0m]     4 bytes from 0x1FFEFFE3D0 (stack access)
==27076== [[1;31mERROR[0m] Segments micro-benchmarks/DRB177-fib-taskdep-yes.c:27 and micro-benchmarks/DRB177-fib-taskdep-yes.c:28 were declared independent while accessing the same memory address
==27076== [[1;31mERROR[0m]     4 bytes from 0x1FFEFFE3D0 (stack access)
==27076== [[1;31mERROR[0m] Segments micro-benchmarks/DRB177-fib-taskdep-yes.c:27 and micro-benchmarks/DRB177-fib-taskdep-yes.c:26 were declared independent while accessing the same memory address
==27076== [[1;31mERROR[0m]     4 bytes from 0x1FFEFFE3D0 (stack access)
==27076== [[1;31mERROR[0m] Segments micro-benchmarks/DRB177-fib-taskdep-yes.c:27 and micro-benchmarks/DRB177-fib-taskdep-yes.c:28 were declared independent while accessing the same memory address
==27076== [[1;31mERROR[0m]     4 bytes from 0x1FFEFFE3D0 (stack access)
==27076== [[1;31mERROR[0m] Segments micro-benchmarks/DRB177-fib-taskdep-yes.c:27 and micro-benchmarks/DRB177-fib-taskdep-yes.c:26 were declared independent while accessing the same memory address
==27076== [[1;31mERROR[0m]     4 bytes from 0x1FFEFFE3D0 (stack access)
==27076== [[1;31mERROR[0m] Segments micro-benchmarks/DRB177-fib-taskdep-yes.c:27 and micro-benchmarks/DRB177-fib-taskdep-yes.c:28 were declared independent while accessing the same memory address
==27076== [[1;31mERROR[0m]     4 bytes from 0x1FFEFFE3D0 (stack access)
==27076== [[1;31mERROR[0m] Segments micro-benchmarks/DRB177-fib-taskdep-yes.c:27 and micro-benchmarks/DRB177-fib-taskdep-yes.c:26 were declared independent while accessing the same memory address
==27076== [[1;31mERROR[0m]     4 bytes from 0x1FFEFFE3D0 (stack access)
==27076== [[1;31mERROR[0m] Segments micro-benchmarks/DRB177-fib-taskdep-yes.c:27 and micro-benchmarks/DRB177-fib-taskdep-yes.c:28 were declared independent while accessing the same memory address
==27076== [[1;31mERROR[0m]     4 bytes from 0x1FFEFFE3D0 (stack access)
==27076== [[1;31mERROR[0m] Segments micro-benchmarks/DRB177-fib-taskdep-yes.c:27 and micro-benchmarks/DRB177-fib-taskdep-yes.c:26 were declared independent while accessing the same memory address
==27076== [[1;31mERROR[0m]     4 bytes from 0x1FFEFFE3D0 (stack access)
==27076== [[1;31mERROR[0m] Segments micro-benchmarks/DRB177-fib-taskdep-yes.c:27 and micro-benchmarks/DRB177-fib-taskdep-yes.c:28 were declared independent while accessing the same memory address
==27076== [[1;31mERROR[0m]     4 bytes from 0x1FFEFFE3D0 (stack access)
==27076== [[1;31mERROR[0m] Segments micro-benchmarks/DRB177-fib-taskdep-yes.c:27 and micro-benchmarks/DRB177-fib-taskdep-yes.c:26 were declared independent while accessing the same memory address
==27076== [[1;31mERROR[0m]     4 bytes from 0x1FFEFFE3D0 (stack access)
==27076== [[1;31mERROR[0m] Segments micro-benchmarks/DRB177-fib-taskdep-yes.c:27 and micro-benchmarks/DRB177-fib-taskdep-yes.c:28 were declared independent while accessing the same memory address
==27076== [[1;31mERROR[0m]     4 bytes from 0x1FFEFFE3D0 (stack access)
==27076== [[1;31mERROR[0m] Segments micro-benchmarks/DRB177-fib-taskdep-yes.c:28 and micro-benchmarks/DRB177-fib-taskdep-yes.c:25 were declared independent while accessing the same memory address
==27076== [[1;31mERROR[0m]     4 bytes from 0x1FFEFFE3D4 (stack access)
==27076== [[1;31mERROR[0m] Segments micro-benchmarks/DRB177-fib-taskdep-yes.c:28 and micro-benchmarks/DRB177-fib-taskdep-yes.c:27 were declared independent while accessing the same memory address
==27076== [[1;31mERROR[0m]     4 bytes from 0x1FFEFFE3D0 (stack access)
==27076== [[1;31mERROR[0m] Segments micro-benchmarks/DRB177-fib-taskdep-yes.c:28 and micro-benchmarks/DRB177-fib-taskdep-yes.c:25 were declared independent while accessing the same memory address
==27076== [[1;31mERROR[0m]     4 bytes from 0x1FFEFFE3D4 (stack access)
==27076== [[1;31mERROR[0m] Segments micro-benchmarks/DRB177-fib-taskdep-yes.c:28 and micro-benchmarks/DRB177-fib-taskdep-yes.c:26 were declared independent while accessing the same memory address
==27076== [[1;31mERROR[0m]     4 bytes from 0x1FFEFFE3D0 (stack access)
==27076== [[1;31mERROR[0m] Segments micro-benchmarks/DRB177-fib-taskdep-yes.c:28 and micro-benchmarks/DRB177-fib-taskdep-yes.c:25 were declared independent while accessing the same memory address
==27076== [[1;31mERROR[0m]     4 bytes from 0x1FFEFFE3D4 (stack access)
==27076== [[1;31mERROR[0m] Segments micro-benchmarks/DRB177-fib-taskdep-yes.c:28 and micro-benchmarks/DRB177-fib-taskdep-yes.c:27 were declared independent while accessing the same memory address
==27076== [[1;31mERROR[0m]     4 bytes from 0x1FFEFFE3D0 (stack access)
==27076== [[1;31mERROR[0m] Segments micro-benchmarks/DRB177-fib-taskdep-yes.c:28 and micro-benchmarks/DRB177-fib-taskdep-yes.c:25 were declared independent while accessing the same memory address
==27076== [[1;31mERROR[0m]     4 bytes from 0x1FFEFFE3D4 (stack access)
==27076== [[1;31mERROR[0m] Segments micro-benchmarks/DRB177-fib-taskdep-yes.c:28 and micro-benchmarks/DRB177-fib-taskdep-yes.c:26 were declared independent while accessing the same memory address
==27076== [[1;31mERROR[0m]     4 bytes from 0x1FFEFFE3D0 (stack access)
==27076== [[1;31mERROR[0m] Segments micro-benchmarks/DRB177-fib-taskdep-yes.c:28 and micro-benchmarks/DRB177-fib-taskdep-yes.c:25 were declared independent while accessing the same memory address
==27076== [[1;31mERROR[0m]     4 bytes from 0x1FFEFFE3D4 (stack access)
==27076== [[1;31mERROR[0m] Segments micro-benchmarks/DRB177-fib-taskdep-yes.c:28 and micro-benchmarks/DRB177-fib-taskdep-yes.c:26 were declared independent while accessing the same memory address
==27076== [[1;31mERROR[0m]     4 bytes from 0x1FFEFFE3D0 (stack access)
==27076== [[1;31mERROR[0m] Segments micro-benchmarks/DRB177-fib-taskdep-yes.c:28 and micro-benchmarks/DRB177-fib-taskdep-yes.c:24 were declared independent while accessing the same memory address
==27076== [[1;31mERROR[0m]     4 bytes from 0x1FFEFFE3D4 (stack access)
==27076== [[1;31mERROR[0m] Segments micro-benchmarks/DRB177-fib-taskdep-yes.c:28 and micro-benchmarks/DRB177-fib-taskdep-yes.c:26 were declared independent while accessing the same memory address
==27076== [[1;31mERROR[0m]     4 bytes from 0x1FFEFFE3D0 (stack access)
==27076== [[1;31mERROR[0m] Segments micro-benchmarks/DRB177-fib-taskdep-yes.c:28 and micro-benchmarks/DRB177-fib-taskdep-yes.c:25 were declared independent while accessing the same memory address
==27076== [[1;31mERROR[0m]     4 bytes from 0x1FFEFFE3D4 (stack access)
==27076== [[1;31mERROR[0m] Segments micro-benchmarks/DRB177-fib-taskdep-yes.c:28 and micro-benchmarks/DRB177-fib-taskdep-yes.c:27 were declared independent while accessing the same memory address
==27076== [[1;31mERROR[0m]     4 bytes from 0x1FFEFFE3D0 (stack access)
==27076== [[1;31mERROR[0m] Segments micro-benchmarks/DRB177-fib-taskdep-yes.c:28 and micro-benchmarks/DRB177-fib-taskdep-yes.c:25 were declared independent while accessing the same memory address
==27076== [[1;31mERROR[0m]     4 bytes from 0x1FFEFFE3D4 (stack access)
==27076== [[1;31mERROR[0m] Segments micro-benchmarks/DRB177-fib-taskdep-yes.c:28 and micro-benchmarks/DRB177-fib-taskdep-yes.c:26 were declared independent while accessing the same memory address
==27076== [[1;31mERROR[0m]     4 bytes from 0x1FFEFFE3D0 (stack access)
==27076== [[1;31mERROR[0m] Segments micro-benchmarks/DRB177-fib-taskdep-yes.c:28 and micro-benchmarks/DRB177-fib-taskdep-yes.c:25 were declared independent while accessing the same memory address
==27076== [[1;31mERROR[0m]     4 bytes from 0x1FFEFFE3D4 (stack access)
==27076== [[1;31mERROR[0m] Segments micro-benchmarks/DRB177-fib-taskdep-yes.c:28 and micro-benchmarks/DRB177-fib-taskdep-yes.c:26 were declared independent while accessing the same memory address
==27076== [[1;31mERROR[0m]     4 bytes from 0x1FFEFFE3D0 (stack access)
==27076== [[1;31mERROR[0m] Segments micro-benchmarks/DRB177-fib-taskdep-yes.c:28 and micro-benchmarks/DRB177-fib-taskdep-yes.c:24 were declared independent while accessing the same memory address
==27076== [[1;31mERROR[0m]     4 bytes from 0x1FFEFFE3D4 (stack access)
==27076== [[1;31mERROR[0m] Segments micro-benchmarks/DRB177-fib-taskdep-yes.c:28 and micro-benchmarks/DRB177-fib-taskdep-yes.c:26 were declared independent while accessing the same memory address
==27076== [[1;31mERROR[0m]     4 bytes from 0x1FFEFFE3D0 (stack access)
==27076== [[1;31mERROR[0m] Segments micro-benchmarks/DRB177-fib-taskdep-yes.c:28 and micro-benchmarks/DRB177-fib-taskdep-yes.c:25 were declared independent while accessing the same memory address
==27076== [[1;31mERROR[0m]     4 bytes from 0x1FFEFFE3D4 (stack access)
==27076== [[1;31mERROR[0m] Segments micro-benchmarks/DRB177-fib-taskdep-yes.c:28 and micro-benchmarks/DRB177-fib-taskdep-yes.c:26 were declared independent while accessing the same memory address
==27076== [[1;31mERROR[0m]     4 bytes from 0x1FFEFFE3D0 (stack access)
==27076== [[1;31mERROR[0m] Segments micro-benchmarks/DRB177-fib-taskdep-yes.c:28 and micro-benchmarks/DRB177-fib-taskdep-yes.c:24 were declared independent while accessing the same memory address
==27076== [[1;31mERROR[0m]     4 bytes from 0x1FFEFFE3D4 (stack access)
==27076== [[1;31mERROR[0m] Segments micro-benchmarks/DRB177-fib-taskdep-yes.c:28 and micro-benchmarks/DRB177-fib-taskdep-yes.c:26 were declared independent while accessing the same memory address
==27076== [[1;31mERROR[0m]     4 bytes from 0x1FFEFFE3D0 (stack access)
==27076== [[1;31mERROR[0m] Segments micro-benchmarks/DRB177-fib-taskdep-yes.c:28 and micro-benchmarks/DRB177-fib-taskdep-yes.c:24 were declared independent while accessing the same memory address
==27076== [[1;31mERROR[0m]     4 bytes from 0x1FFEFFE3D4 (stack access)
==27076== [[1;31mERROR[0m] Segments micro-benchmarks/DRB177-fib-taskdep-yes.c:28 and micro-benchmarks/DRB177-fib-taskdep-yes.c:26 were declared independent while accessing the same memory address
==27076== [[1;31mERROR[0m]     4 bytes from 0x1FFEFFE3D0 (stack access)
==27076== [[1;31mERROR[0m] Segments micro-benchmarks/DRB177-fib-taskdep-yes.c:28 and micro-benchmarks/DRB177-fib-taskdep-yes.c:25 were declared independent while accessing the same memory address
==27076== [[1;31mERROR[0m]     4 bytes from 0x1FFEFFE3D4 (stack access)
==27076== [[1;31mERROR[0m] Segments micro-benchmarks/DRB177-fib-taskdep-yes.c:28 and micro-benchmarks/DRB177-fib-taskdep-yes.c:27 were declared independent while accessing the same memory address
==27076== [[1;31mERROR[0m]     4 bytes from 0x1FFEFFE3D0 (stack access)
==27076== [[1;31mERROR[0m] Segments micro-benchmarks/DRB177-fib-taskdep-yes.c:28 and micro-benchmarks/DRB177-fib-taskdep-yes.c:25 were declared independent while accessing the same memory address
==27076== [[1;31mERROR[0m]     4 bytes from 0x1FFEFFE3D4 (stack access)
==27076== [[1;31mERROR[0m] Segments micro-benchmarks/DRB177-fib-taskdep-yes.c:28 and micro-benchmarks/DRB177-fib-taskdep-yes.c:26 were declared independent while accessing the same memory address
==27076== [[1;31mERROR[0m]     4 bytes from 0x1FFEFFE3D0 (stack access)
==27076== [[1;31mERROR[0m] Segments micro-benchmarks/DRB177-fib-taskdep-yes.c:28 and micro-benchmarks/DRB177-fib-taskdep-yes.c:25 were declared independent while accessing the same memory address
==27076== [[1;31mERROR[0m]     4 bytes from 0x1FFEFFE3D4 (stack access)
==27076== [[1;31mERROR[0m] Segments micro-benchmarks/DRB177-fib-taskdep-yes.c:28 and micro-benchmarks/DRB177-fib-taskdep-yes.c:26 were declared independent while accessing the same memory address
==27076== [[1;31mERROR[0m]     4 bytes from 0x1FFEFFE3D0 (stack access)
==27076== [[1;31mERROR[0m] Segments micro-benchmarks/DRB177-fib-taskdep-yes.c:28 and micro-benchmarks/DRB177-fib-taskdep-yes.c:24 were declared independent while accessing the same memory address
==27076== [[1;31mERROR[0m]     4 bytes from 0x1FFEFFE3D4 (stack access)
==27076== [[1;31mERROR[0m] Segments micro-benchmarks/DRB177-fib-taskdep-yes.c:28 and micro-benchmarks/DRB177-fib-taskdep-yes.c:26 were declared independent while accessing the same memory address
==27076== [[1;31mERROR[0m]     4 bytes from 0x1FFEFFE3D0 (stack access)
==27076== [[1;31mERROR[0m] Segments micro-benchmarks/DRB177-fib-taskdep-yes.c:28 and micro-benchmarks/DRB177-fib-taskdep-yes.c:25 were declared independent while accessing the same memory address
==27076== [[1;31mERROR[0m]     4 bytes from 0x1FFEFFE3D4 (stack access)
==27076== [[1;31mERROR[0m] Segments micro-benchmarks/DRB177-fib-taskdep-yes.c:28 and micro-benchmarks/DRB177-fib-taskdep-yes.c:26 were declared independent while accessing the same memory address
==27076== [[1;31mERROR[0m]     4 bytes from 0x1FFEFFE3D0 (stack access)
==27076== [[1;31mERROR[0m] Segments micro-benchmarks/DRB177-fib-taskdep-yes.c:28 and micro-benchmarks/DRB177-fib-taskdep-yes.c:24 were declared independent while accessing the same memory address
==27076== [[1;31mERROR[0m]     4 bytes from 0x1FFEFFE3D4 (stack access)
==27076== [[1;31mERROR[0m] Segments micro-benchmarks/DRB177-fib-taskdep-yes.c:28 and micro-benchmarks/DRB177-fib-taskdep-yes.c:26 were declared independent while accessing the same memory address
==27076== [[1;31mERROR[0m]     4 bytes from 0x1FFEFFE3D0 (stack access)
==27076== [[1;31mERROR[0m] Segments micro-benchmarks/DRB177-fib-taskdep-yes.c:28 and micro-benchmarks/DRB177-fib-taskdep-yes.c:24 were declared independent while accessing the same memory address
==27076== [[1;31mERROR[0m]     4 bytes from 0x1FFEFFE3D4 (stack access)
==27076== [[1;31mERROR[0m] Segments micro-benchmarks/DRB177-fib-taskdep-yes.c:28 and micro-benchmarks/DRB177-fib-taskdep-yes.c:26 were declared independent while accessing the same memory address
==27076== [[1;31mERROR[0m]     4 bytes from 0x1FFEFFE3D0 (stack access)
==27076== [[1;31mERROR[0m] Segments micro-benchmarks/DRB177-fib-taskdep-yes.c:28 and micro-benchmarks/DRB177-fib-taskdep-yes.c:25 were declared independent while accessing the same memory address
==27076== [[1;31mERROR[0m]     4 bytes from 0x1FFEFFE3D4 (stack access)
==27076== [[1;31mERROR[0m] Segments micro-benchmarks/DRB177-fib-taskdep-yes.c:28 and micro-benchmarks/DRB177-fib-taskdep-yes.c:26 were declared independent while accessing the same memory address
==27076== [[1;31mERROR[0m]     4 bytes from 0x1FFEFFE3D0 (stack access)
==27076== [[1;31mERROR[0m] Segments micro-benchmarks/DRB177-fib-taskdep-yes.c:28 and micro-benchmarks/DRB177-fib-taskdep-yes.c:24 were declared independent while accessing the same memory address
==27076== [[1;31mERROR[0m]     4 bytes from 0x1FFEFFE3D4 (stack access)
==27076== [[1;31mERROR[0m] Segments micro-benchmarks/DRB177-fib-taskdep-yes.c:28 and micro-benchmarks/DRB177-fib-taskdep-yes.c:26 were declared independent while accessing the same memory address
==27076== [[1;31mERROR[0m]     4 bytes from 0x1FFEFFE3D0 (stack access)
==27076== [[1;31mERROR[0m] Segments micro-benchmarks/DRB177-fib-taskdep-yes.c:28 and micro-benchmarks/DRB177-fib-taskdep-yes.c:24 were declared independent while accessing the same memory address
==27076== [[1;31mERROR[0m]     4 bytes from 0x1FFEFFE3D4 (stack access)
==27076== [[1;31mERROR[0m] Segments micro-benchmarks/DRB177-fib-taskdep-yes.c:28 and micro-benchmarks/DRB177-fib-taskdep-yes.c:26 were declared independent while accessing the same memory address
==27076== [[1;31mERROR[0m]     4 bytes from 0x1FFEFFE3D0 (stack access)
==27076== [[1;31mERROR[0m] Segments micro-benchmarks/DRB177-fib-taskdep-yes.c:28 and micro-benchmarks/DRB177-fib-taskdep-yes.c:24 were declared independent while accessing the same memory address
==27076== [[1;31mERROR[0m]     4 bytes from 0x1FFEFFE3D4 (stack access)
==27076== [[1;31mERROR[0m] Segments micro-benchmarks/DRB177-fib-taskdep-yes.c:28 and micro-benchmarks/DRB177-fib-taskdep-yes.c:26 were declared independent while accessing the same memory address
==27076== [[1;31mERROR[0m]     4 bytes from 0x1FFEFFE3D0 (stack access)
==27076== [[1;31mERROR[0m] Segments micro-benchmarks/DRB177-fib-taskdep-yes.c:27 and micro-benchmarks/DRB177-fib-taskdep-yes.c:27 were declared independent while accessing the same memory address
==27076== [[1;31mERROR[0m]     4 bytes from 0x1FFEFFE680 (stack access)
==27076== [[1;31mERROR[0m] Segments micro-benchmarks/DRB177-fib-taskdep-yes.c:27 and micro-benchmarks/DRB177-fib-taskdep-yes.c:28 were declared independent while accessing the same memory address
==27076== [[1;31mERROR[0m]     4 bytes from 0x1FFEFFE680 (stack access)
==27076== [[1;31mERROR[0m] Segments micro-benchmarks/DRB177-fib-taskdep-yes.c:27 and micro-benchmarks/DRB177-fib-taskdep-yes.c:27 were declared independent while accessing the same memory address
==27076== [[1;31mERROR[0m]     4 bytes from 0x1FFEFFE680 (stack access)
==27076== [[1;31mERROR[0m] Segments micro-benchmarks/DRB177-fib-taskdep-yes.c:27 and micro-benchmarks/DRB177-fib-taskdep-yes.c:28 were declared independent while accessing the same memory address
==27076== [[1;31mERROR[0m]     4 bytes from 0x1FFEFFE680 (stack access)
==27076== [[1;31mERROR[0m] Segments micro-benchmarks/DRB177-fib-taskdep-yes.c:27 and micro-benchmarks/DRB177-fib-taskdep-yes.c:27 were declared independent while accessing the same memory address
==27076== [[1;31mERROR[0m]     4 bytes from 0x1FFEFFE680 (stack access)
==27076== [[1;31mERROR[0m] Segments micro-benchmarks/DRB177-fib-taskdep-yes.c:27 and micro-benchmarks/DRB177-fib-taskdep-yes.c:28 were declared independent while accessing the same memory address
==27076== [[1;31mERROR[0m]     4 bytes from 0x1FFEFFE680 (stack access)
==27076== [[1;31mERROR[0m] Segments micro-benchmarks/DRB177-fib-taskdep-yes.c:27 and micro-benchmarks/DRB177-fib-taskdep-yes.c:27 were declared independent while accessing the same memory address
==27076== [[1;31mERROR[0m]     4 bytes from 0x1FFEFFE680 (stack access)
==27076== [[1;31mERROR[0m] Segments micro-benchmarks/DRB177-fib-taskdep-yes.c:27 and micro-benchmarks/DRB177-fib-taskdep-yes.c:28 were declared independent while accessing the same memory address
==27076== [[1;31mERROR[0m]     4 bytes from 0x1FFEFFE680 (stack access)
==27076== [[1;31mERROR[0m] Segments micro-benchmarks/DRB177-fib-taskdep-yes.c:27 and micro-benchmarks/DRB177-fib-taskdep-yes.c:27 were declared independent while accessing the same memory address
==27076== [[1;31mERROR[0m]     4 bytes from 0x1FFEFFE680 (stack access)
==27076== [[1;31mERROR[0m] Segments micro-benchmarks/DRB177-fib-taskdep-yes.c:27 and micro-benchmarks/DRB177-fib-taskdep-yes.c:28 were declared independent while accessing the same memory address
==27076== [[1;31mERROR[0m]     4 bytes from 0x1FFEFFE680 (stack access)
==27076== [[1;31mERROR[0m] Segments micro-benchmarks/DRB177-fib-taskdep-yes.c:27 and micro-benchmarks/DRB177-fib-taskdep-yes.c:27 were declared independent while accessing the same memory address
==27076== [[1;31mERROR[0m]     4 bytes from 0x1FFEFFE680 (stack access)
==27076== [[1;31mERROR[0m] Segments micro-benchmarks/DRB177-fib-taskdep-yes.c:27 and micro-benchmarks/DRB177-fib-taskdep-yes.c:28 were declared independent while accessing the same memory address
==27076== [[1;31mERROR[0m]     4 bytes from 0x1FFEFFE680 (stack access)
==27076== [[1;31mERROR[0m] Segments micro-benchmarks/DRB177-fib-taskdep-yes.c:27 and micro-benchmarks/DRB177-fib-taskdep-yes.c:26 were declared independent while accessing the same memory address
==27076== [[1;31mERROR[0m]     4 bytes from 0x1FFEFFE680 (stack access)
==27076== [[1;31mERROR[0m] Segments micro-benchmarks/DRB177-fib-taskdep-yes.c:27 and micro-benchmarks/DRB177-fib-taskdep-yes.c:28 were declared independent while accessing the same memory address
==27076== [[1;31mERROR[0m]     4 bytes from 0x1FFEFFE680 (stack access)
==27076== [[1;31mERROR[0m] Segments micro-benchmarks/DRB177-fib-taskdep-yes.c:27 and micro-benchmarks/DRB177-fib-taskdep-yes.c:27 were declared independent while accessing the same memory address
==27076== [[1;31mERROR[0m]     4 bytes from 0x1FFEFFE680 (stack access)
==27076== [[1;31mERROR[0m] Segments micro-benchmarks/DRB177-fib-taskdep-yes.c:27 and micro-benchmarks/DRB177-fib-taskdep-yes.c:28 were declared independent while accessing the same memory address
==27076== [[1;31mERROR[0m]     4 bytes from 0x1FFEFFE680 (stack access)
==27076== [[1;31mERROR[0m] Segments micro-benchmarks/DRB177-fib-taskdep-yes.c:27 and micro-benchmarks/DRB177-fib-taskdep-yes.c:27 were declared independent while accessing the same memory address
==27076== [[1;31mERROR[0m]     4 bytes from 0x1FFEFFE680 (stack access)
==27076== [[1;31mERROR[0m] Segments micro-benchmarks/DRB177-fib-taskdep-yes.c:27 and micro-benchmarks/DRB177-fib-taskdep-yes.c:28 were declared independent while accessing the same memory address
==27076== [[1;31mERROR[0m]     4 bytes from 0x1FFEFFE680 (stack access)
==27076== [[1;31mERROR[0m] Segments micro-benchmarks/DRB177-fib-taskdep-yes.c:27 and micro-benchmarks/DRB177-fib-taskdep-yes.c:27 were declared independent while accessing the same memory address
==27076== [[1;31mERROR[0m]     4 bytes from 0x1FFEFFE680 (stack access)
==27076== [[1;31mERROR[0m] Segments micro-benchmarks/DRB177-fib-taskdep-yes.c:27 and micro-benchmarks/DRB177-fib-taskdep-yes.c:28 were declared independent while accessing the same memory address
==27076== [[1;31mERROR[0m]     4 bytes from 0x1FFEFFE680 (stack access)
==27076== [[1;31mERROR[0m] Segments micro-benchmarks/DRB177-fib-taskdep-yes.c:27 and micro-benchmarks/DRB177-fib-taskdep-yes.c:26 were declared independent while accessing the same memory address
==27076== [[1;31mERROR[0m]     4 bytes from 0x1FFEFFE680 (stack access)
==27076== [[1;31mERROR[0m] Segments micro-benchmarks/DRB177-fib-taskdep-yes.c:27 and micro-benchmarks/DRB177-fib-taskdep-yes.c:28 were declared independent while accessing the same memory address
==27076== [[1;31mERROR[0m]     4 bytes from 0x1FFEFFE680 (stack access)
==27076== [[1;31mERROR[0m] Segments micro-benchmarks/DRB177-fib-taskdep-yes.c:27 and micro-benchmarks/DRB177-fib-taskdep-yes.c:27 were declared independent while accessing the same memory address
==27076== [[1;31mERROR[0m]     4 bytes from 0x1FFEFFE680 (stack access)
==27076== [[1;31mERROR[0m] Segments micro-benchmarks/DRB177-fib-taskdep-yes.c:27 and micro-benchmarks/DRB177-fib-taskdep-yes.c:28 were declared independent while accessing the same memory address
==27076== [[1;31mERROR[0m]     4 bytes from 0x1FFEFFE680 (stack access)
==27076== [[1;31mERROR[0m] Segments micro-benchmarks/DRB177-fib-taskdep-yes.c:27 and micro-benchmarks/DRB177-fib-taskdep-yes.c:26 were declared independent while accessing the same memory address
==27076== [[1;31mERROR[0m]     4 bytes from 0x1FFEFFE680 (stack access)
==27076== [[1;31mERROR[0m] Segments micro-benchmarks/DRB177-fib-taskdep-yes.c:27 and micro-benchmarks/DRB177-fib-taskdep-yes.c:28 were declared independent while accessing the same memory address
==27076== [[1;31mERROR[0m]     4 bytes from 0x1FFEFFE680 (stack access)
==27076== [[1;31mERROR[0m] Segments micro-benchmarks/DRB177-fib-taskdep-yes.c:27 and micro-benchmarks/DRB177-fib-taskdep-yes.c:26 were declared independent while accessing the same memory address
==27076== [[1;31mERROR[0m]     4 bytes from 0x1FFEFFE680 (stack access)
==27076== [[1;31mERROR[0m] Segments micro-benchmarks/DRB177-fib-taskdep-yes.c:27 and micro-benchmarks/DRB177-fib-taskdep-yes.c:28 were declared independent while accessing the same memory address
==27076== [[1;31mERROR[0m]     4 bytes from 0x1FFEFFE680 (stack access)
==27076== [[1;31mERROR[0m] Segments micro-benchmarks/DRB177-fib-taskdep-yes.c:27 and micro-benchmarks/DRB177-fib-taskdep-yes.c:26 were declared independent while accessing the same memory address
==27076== [[1;31mERROR[0m]     4 bytes from 0x1FFEFFE680 (stack access)
==27076== [[1;31mERROR[0m] Segments micro-benchmarks/DRB177-fib-taskdep-yes.c:27 and micro-benchmarks/DRB177-fib-taskdep-yes.c:28 were declared independent while accessing the same memory address
==27076== [[1;31mERROR[0m]     4 bytes from 0x1FFEFFE680 (stack access)
==27076== [[1;31mERROR[0m] Segments micro-benchmarks/DRB177-fib-taskdep-yes.c:28 and micro-benchmarks/DRB177-fib-taskdep-yes.c:25 were declared independent while accessing the same memory address
==27076== [[1;31mERROR[0m]     4 bytes from 0x1FFEFFE684 (stack access)
==27076== [[1;31mERROR[0m] Segments micro-benchmarks/DRB177-fib-taskdep-yes.c:28 and micro-benchmarks/DRB177-fib-taskdep-yes.c:27 were declared independent while accessing the same memory address
==27076== [[1;31mERROR[0m]     4 bytes from 0x1FFEFFE680 (stack access)
==27076== [[1;31mERROR[0m] Segments micro-benchmarks/DRB177-fib-taskdep-yes.c:28 and micro-benchmarks/DRB177-fib-taskdep-yes.c:25 were declared independent while accessing the same memory address
==27076== [[1;31mERROR[0m]     4 bytes from 0x1FFEFFE684 (stack access)
==27076== [[1;31mERROR[0m] Segments micro-benchmarks/DRB177-fib-taskdep-yes.c:28 and micro-benchmarks/DRB177-fib-taskdep-yes.c:27 were declared independent while accessing the same memory address
==27076== [[1;31mERROR[0m]     4 bytes from 0x1FFEFFE680 (stack access)
==27076== [[1;31mERROR[0m] Segments micro-benchmarks/DRB177-fib-taskdep-yes.c:28 and micro-benchmarks/DRB177-fib-taskdep-yes.c:25 were declared independent while accessing the same memory address
==27076== [[1;31mERROR[0m]     4 bytes from 0x1FFEFFE684 (stack access)
==27076== [[1;31mERROR[0m] Segments micro-benchmarks/DRB177-fib-taskdep-yes.c:28 and micro-benchmarks/DRB177-fib-taskdep-yes.c:27 were declared independent while accessing the same memory address
==27076== [[1;31mERROR[0m]     4 bytes from 0x1FFEFFE680 (stack access)
==27076== [[1;31mERROR[0m] Segments micro-benchmarks/DRB177-fib-taskdep-yes.c:28 and micro-benchmarks/DRB177-fib-taskdep-yes.c:25 were declared independent while accessing the same memory address
==27076== [[1;31mERROR[0m]     4 bytes from 0x1FFEFFE684 (stack access)
==27076== [[1;31mERROR[0m] Segments micro-benchmarks/DRB177-fib-taskdep-yes.c:28 and micro-benchmarks/DRB177-fib-taskdep-yes.c:27 were declared independent while accessing the same memory address
==27076== [[1;31mERROR[0m]     4 bytes from 0x1FFEFFE680 (stack access)
==27076== [[1;31mERROR[0m] Segments micro-benchmarks/DRB177-fib-taskdep-yes.c:28 and micro-benchmarks/DRB177-fib-taskdep-yes.c:25 were declared independent while accessing the same memory address
==27076== [[1;31mERROR[0m]     4 bytes from 0x1FFEFFE684 (stack access)
==27076== [[1;31mERROR[0m] Segments micro-benchmarks/DRB177-fib-taskdep-yes.c:28 and micro-benchmarks/DRB177-fib-taskdep-yes.c:27 were declared independent while accessing the same memory address
==27076== [[1;31mERROR[0m]     4 bytes from 0x1FFEFFE680 (stack access)
==27076== [[1;31mERROR[0m] Segments micro-benchmarks/DRB177-fib-taskdep-yes.c:28 and micro-benchmarks/DRB177-fib-taskdep-yes.c:25 were declared independent while accessing the same memory address
==27076== [[1;31mERROR[0m]     4 bytes from 0x1FFEFFE684 (stack access)
==27076== [[1;31mERROR[0m] Segments micro-benchmarks/DRB177-fib-taskdep-yes.c:28 and micro-benchmarks/DRB177-fib-taskdep-yes.c:27 were declared independent while accessing the same memory address
==27076== [[1;31mERROR[0m]     4 bytes from 0x1FFEFFE680 (stack access)
==27076== [[1;31mERROR[0m] Segments micro-benchmarks/DRB177-fib-taskdep-yes.c:28 and micro-benchmarks/DRB177-fib-taskdep-yes.c:25 were declared independent while accessing the same memory address
==27076== [[1;31mERROR[0m]     4 bytes from 0x1FFEFFE684 (stack access)
==27076== [[1;31mERROR[0m] Segments micro-benchmarks/DRB177-fib-taskdep-yes.c:28 and micro-benchmarks/DRB177-fib-taskdep-yes.c:26 were declared independent while accessing the same memory address
==27076== [[1;31mERROR[0m]     4 bytes from 0x1FFEFFE680 (stack access)
==27076== [[1;31mERROR[0m] Segments micro-benchmarks/DRB177-fib-taskdep-yes.c:28 and micro-benchmarks/DRB177-fib-taskdep-yes.c:25 were declared independent while accessing the same memory address
==27076== [[1;31mERROR[0m]     4 bytes from 0x1FFEFFE684 (stack access)
==27076== [[1;31mERROR[0m] Segments micro-benchmarks/DRB177-fib-taskdep-yes.c:28 and micro-benchmarks/DRB177-fib-taskdep-yes.c:27 were declared independent while accessing the same memory address
==27076== [[1;31mERROR[0m]     4 bytes from 0x1FFEFFE680 (stack access)
==27076== [[1;31mERROR[0m] Segments micro-benchmarks/DRB177-fib-taskdep-yes.c:28 and micro-benchmarks/DRB177-fib-taskdep-yes.c:25 were declared independent while accessing the same memory address
==27076== [[1;31mERROR[0m]     4 bytes from 0x1FFEFFE684 (stack access)
==27076== [[1;31mERROR[0m] Segments micro-benchmarks/DRB177-fib-taskdep-yes.c:28 and micro-benchmarks/DRB177-fib-taskdep-yes.c:27 were declared independent while accessing the same memory address
==27076== [[1;31mERROR[0m]     4 bytes from 0x1FFEFFE680 (stack access)
==27076== [[1;31mERROR[0m] Segments micro-benchmarks/DRB177-fib-taskdep-yes.c:28 and micro-benchmarks/DRB177-fib-taskdep-yes.c:25 were declared independent while accessing the same memory address
==27076== [[1;31mERROR[0m]     4 bytes from 0x1FFEFFE684 (stack access)
==27076== [[1;31mERROR[0m] Segments micro-benchmarks/DRB177-fib-taskdep-yes.c:28 and micro-benchmarks/DRB177-fib-taskdep-yes.c:27 were declared independent while accessing the same memory address
==27076== [[1;31mERROR[0m]     4 bytes from 0x1FFEFFE680 (stack access)
==27076== [[1;31mERROR[0m] Segments micro-benchmarks/DRB177-fib-taskdep-yes.c:28 and micro-benchmarks/DRB177-fib-taskdep-yes.c:25 were declared independent while accessing the same memory address
==27076== [[1;31mERROR[0m]     4 bytes from 0x1FFEFFE684 (stack access)
==27076== [[1;31mERROR[0m] Segments micro-benchmarks/DRB177-fib-taskdep-yes.c:28 and micro-benchmarks/DRB177-fib-taskdep-yes.c:26 were declared independent while accessing the same memory address
==27076== [[1;31mERROR[0m]     4 bytes from 0x1FFEFFE680 (stack access)
==27076== [[1;31mERROR[0m] Segments micro-benchmarks/DRB177-fib-taskdep-yes.c:28 and micro-benchmarks/DRB177-fib-taskdep-yes.c:25 were declared independent while accessing the same memory address
==27076== [[1;31mERROR[0m]     4 bytes from 0x1FFEFFE684 (stack access)
==27076== [[1;31mERROR[0m] Segments micro-benchmarks/DRB177-fib-taskdep-yes.c:28 and micro-benchmarks/DRB177-fib-taskdep-yes.c:27 were declared independent while accessing the same memory address
==27076== [[1;31mERROR[0m]     4 bytes from 0x1FFEFFE680 (stack access)
==27076== [[1;31mERROR[0m] Segments micro-benchmarks/DRB177-fib-taskdep-yes.c:28 and micro-benchmarks/DRB177-fib-taskdep-yes.c:25 were declared independent while accessing the same memory address
==27076== [[1;31mERROR[0m]     4 bytes from 0x1FFEFFE684 (stack access)
==27076== [[1;31mERROR[0m] Segments micro-benchmarks/DRB177-fib-taskdep-yes.c:28 and micro-benchmarks/DRB177-fib-taskdep-yes.c:26 were declared independent while accessing the same memory address
==27076== [[1;31mERROR[0m]     4 bytes from 0x1FFEFFE680 (stack access)
==27076== [[1;31mERROR[0m] Segments micro-benchmarks/DRB177-fib-taskdep-yes.c:28 and micro-benchmarks/DRB177-fib-taskdep-yes.c:25 were declared independent while accessing the same memory address
==27076== [[1;31mERROR[0m]     4 bytes from 0x1FFEFFE684 (stack access)
==27076== [[1;31mERROR[0m] Segments micro-benchmarks/DRB177-fib-taskdep-yes.c:28 and micro-benchmarks/DRB177-fib-taskdep-yes.c:26 were declared independent while accessing the same memory address
==27076== [[1;31mERROR[0m]     4 bytes from 0x1FFEFFE680 (stack access)
==27076== [[1;31mERROR[0m] Segments micro-benchmarks/DRB177-fib-taskdep-yes.c:28 and micro-benchmarks/DRB177-fib-taskdep-yes.c:24 were declared independent while accessing the same memory address
==27076== [[1;31mERROR[0m]     4 bytes from 0x1FFEFFE684 (stack access)
==27076== [[1;31mERROR[0m] Segments micro-benchmarks/DRB177-fib-taskdep-yes.c:28 and micro-benchmarks/DRB177-fib-taskdep-yes.c:26 were declared independent while accessing the same memory address
==27076== [[1;31mERROR[0m]     4 bytes from 0x1FFEFFE680 (stack access)
==27076== [[1;31mERROR[0m] Segments micro-benchmarks/DRB177-fib-taskdep-yes.c:25 and micro-benchmarks/DRB177-fib-taskdep-yes.c:28 were declared independent while accessing the same memory address
==27076== [[1;31mERROR[0m]     4 bytes from 0x1FFEFFE934 (stack access)
==27076== [[1;31mERROR[0m] Segments micro-benchmarks/DRB177-fib-taskdep-yes.c:25 and micro-benchmarks/DRB177-fib-taskdep-yes.c:25 were declared independent while accessing the same memory address
==27076== [[1;31mERROR[0m]     4 bytes from 0x1FFEFFE934 (stack access)
==27076== [[1;31mERROR[0m] Segments micro-benchmarks/DRB177-fib-taskdep-yes.c:25 and micro-benchmarks/DRB177-fib-taskdep-yes.c:28 were declared independent while accessing the same memory address
==27076== [[1;31mERROR[0m]     4 bytes from 0x1FFEFFE934 (stack access)
==27076== [[1;33mWARN[0m] Too many errors, I stop reporting kek (errors will still be accounted)
==27076== [[1;32mINFO[0m] 30% comparisons performed
==27076== [[1;32mINFO[0m] 40% comparisons performed
==27076== [[1;32mINFO[0m] 50% comparisons performed
==27076== [[1;32mINFO[0m] 60% comparisons performed
==27076== [[1;32mINFO[0m] 70% comparisons performed
==27076== [[1;32mINFO[0m] 80% comparisons performed
==27076== [[1;32mINFO[0m] 90% comparisons performed
==27076== [[1;31mERROR[0m] -> E1 reported 4522 possible determinacy races
==27076== [[1;32mINFO[0m] Analysis completed.
